"Player","Salary","SimpPos","Position","Age","TeamAbb","GP","GS","MP","FG","FGA","FGP","X3P","X3PA","X3PP","X2P","X2PA","X2PP","FT","FTA","FTP","ORB","DRB","TRB","AST","STL","BLK","TOV","PF","PTS","League"
"Stephen Curry",48070014,"G","PG",34,"GSW",56,56,34.7,10,20.2,0.493,4.9,11.4,0.427,5.1,8.8,0.579,4.6,5,0.915,0.7,5.4,6.1,6.3,0.9,0.4,3.2,2.1,29.4,"NBA"
"John Wall",47345760,"G","PG",32,"LAC",34,3,22.2,4.1,9.9,0.408,1,3.2,0.303,3.1,6.7,0.459,2.3,3.3,0.681,0.4,2.3,2.7,5.2,0.8,0.4,2.4,1.7,11.4,"NBA"
"Russell Westbrook",47080179,"G","PG",34,"LAL/LAC",73,24,29.1,5.9,13.6,0.436,1.2,3.9,0.311,4.7,9.7,0.487,2.8,4.3,0.656,1.2,4.6,5.8,7.5,1,0.5,3.5,2.2,15.9,"NBA"
"LeBron James",44474988,"F","PF",38,"LAL",55,54,35.5,11.1,22.2,0.5,2.2,6.9,0.321,8.9,15.3,0.58,4.6,5.9,0.768,1.2,7.1,8.3,6.8,0.9,0.6,3.2,1.6,28.9,"NBA"
"Kevin Durant",44119845,"F","PF",34,"BRK/PHO",47,47,35.6,10.3,18.3,0.56,2,4.9,0.404,8.3,13.4,0.617,6.5,7.1,0.919,0.4,6.3,6.7,5,0.7,1.4,3.3,2.1,29.1,"NBA"
"Bradley Beal",43279250,"G","SG",29,"WAS",50,50,33.5,8.9,17.6,0.506,1.6,4.4,0.365,7.3,13.2,0.552,3.8,4.6,0.842,0.8,3.1,3.9,5.4,0.9,0.7,2.9,2.1,23.2,"NBA"
"Kawhi Leonard",42492492,"F","SF",31,"LAC",52,50,33.6,8.6,16.8,0.512,2,4.8,0.416,6.6,11.9,0.551,4.7,5.4,0.871,1.1,5.4,6.5,3.9,1.4,0.5,1.7,1.6,23.8,"NBA"
"Paul George",42492492,"F","SF",32,"LAC",56,56,34.6,8.2,17.9,0.457,2.8,7.6,0.371,5.4,10.3,0.521,4.6,5.3,0.871,0.8,5.3,6.1,5.1,1.5,0.4,3.1,2.8,23.8,"NBA"
"Giannis Antetokounmpo",42492492,"F","PF",28,"MIL",63,63,32.1,11.2,20.3,0.553,0.7,2.7,0.275,10.5,17.6,0.596,7.9,12.3,0.645,2.2,9.6,11.8,5.7,0.8,0.8,3.9,3.1,31.1,"NBA"
"Damian Lillard",42492492,"G","PG",32,"POR",58,58,36.3,9.6,20.7,0.463,4.2,11.3,0.371,5.4,9.4,0.574,8.8,9.6,0.914,0.8,4,4.8,7.3,0.9,0.3,3.3,1.9,32.2,"NBA"
"Klay Thompson",40600080,"F","SF",32,"GSW",69,69,33,7.9,18.1,0.436,4.4,10.6,0.412,3.6,7.6,0.47,1.7,1.9,0.879,0.6,3.6,4.1,2.4,0.7,0.4,1.8,1.9,21.9,"NBA"
"Kyrie Irving",38917057,"G","PG-SG",30,"BRK/DAL",60,60,37.4,9.9,20.1,0.494,3.1,8.3,0.379,6.8,11.8,0.574,4.1,4.6,0.905,1,4.1,5.1,5.5,1.1,0.8,2.1,2.8,27.1,"NBA"
"Rudy Gobert",38172414,"C","C",30,"MIN",70,70,30.7,5.1,7.8,0.659,0,0,0,5.1,7.8,0.663,3.1,4.9,0.644,3.3,8.3,11.6,1.2,0.8,1.4,1.7,3,13.4,"NBA"
"Khris Middleton",37984276,"F","SF",31,"MIL",33,19,24.3,5.4,12.3,0.436,1.5,4.9,0.315,3.8,7.4,0.516,2.8,3.1,0.902,0.8,3.4,4.2,4.9,0.7,0.2,2.2,2.1,15.1,"NBA"
"Anthony Davis",37980720,"C","C",29,"LAL",56,54,34,9.7,17.2,0.563,0.3,1.3,0.257,9.3,15.9,0.589,6.2,7.9,0.784,3.5,9.1,12.5,2.6,1.1,2,2.2,2.6,25.9,"NBA"
"Jimmy Butler",37653300,"F","PF",33,"MIA",64,64,33.4,7.5,13.9,0.539,0.6,1.6,0.35,6.9,12.3,0.564,7.4,8.7,0.85,2.2,3.7,5.9,5.3,1.8,0.3,1.6,1.3,22.9,"NBA"
"Tobias Harris",37633050,"F","SF",30,"PHI",74,74,32.9,5.7,11.4,0.501,1.7,4.4,0.389,4,7,0.57,1.5,1.7,0.876,0.9,4.8,5.7,2.5,0.9,0.5,1.2,2,14.7,"NBA"
"Kemba Walker",37281261,"G","PG",32,"DAL",9,1,16,2.7,6.3,0.421,0.8,3.1,0.25,1.9,3.2,0.586,1.9,2.3,0.81,0.3,1.4,1.8,2.1,0.2,0.2,0.4,1.2,8,"NBA"
"Trae Young",37096500,"G","PG",24,"ATL",73,73,34.8,8.2,19,0.429,2.1,6.3,0.335,6.1,12.7,0.476,7.8,8.8,0.886,0.8,2.2,3,10.2,1.1,0.1,4.1,1.4,26.2,"NBA"
"Zach LaVine",37096500,"G","SG",27,"CHI",77,77,35.9,8.7,18,0.485,2.6,7.1,0.375,6.1,11,0.556,4.7,5.6,0.848,0.5,3.9,4.5,4.2,0.9,0.2,2.5,2.1,24.8,"NBA"
"Ben Simmons",35448672,"G","PG",26,"BRK",42,33,26.3,3.2,5.6,0.566,0,0,0,3.2,5.5,0.571,0.6,1.4,0.439,1,5.3,6.3,6.1,1.3,0.6,2.3,3.3,6.9,"NBA"
"Pascal Siakam",35448672,"F","PF",28,"TOR",71,71,37.4,8.9,18.5,0.48,1.3,4,0.324,7.6,14.5,0.523,5.2,6.7,0.774,1.8,6,7.8,5.8,0.9,0.5,2.4,3.2,24.2,"NBA"
"Myles Turner",35096500,"C","C",26,"IND",62,62,29.4,6.5,11.8,0.548,1.5,4,0.373,5,7.8,0.638,3.5,4.5,0.783,1.4,6.1,7.5,1.4,0.6,2.3,1.7,3.5,18,"NBA"
"Jrue Holiday",34319520,"G","PG",32,"MIL",67,65,32.6,7.3,15.3,0.479,2.4,6.1,0.384,5,9.1,0.542,2.3,2.6,0.859,1.2,3.9,5.1,7.4,1.2,0.4,2.9,1.7,19.3,"NBA"
"Karl-Anthony Towns",33833400,"F","PF",27,"MIN",29,29,33,7.3,14.8,0.495,2.1,5.7,0.366,5.2,9.1,0.576,4.1,4.7,0.874,1.7,6.5,8.1,4.8,0.7,0.6,3,3.8,20.8,"NBA"
"Devin Booker",33833400,"G","SG",26,"PHO",53,53,34.6,9.9,20.1,0.494,2.1,6,0.351,7.8,14.2,0.554,5.8,6.8,0.855,0.9,3.7,4.5,5.5,1,0.3,2.7,3,27.8,"NBA"
"Andrew Wiggins",33616770,"F","SF",27,"GSW",37,37,32.2,6.8,14.3,0.473,2.4,6.1,0.396,4.4,8.2,0.53,1.2,1.9,0.611,1.6,3.4,5,2.3,1.2,0.8,1.3,2.9,17.1,"NBA"
"Joel Embiid",33616770,"C","C",28,"PHI",66,66,34.6,11,20.1,0.548,1,3,0.33,10,17.1,0.587,10,11.7,0.857,1.7,8.4,10.2,4.2,1,1.7,3.4,3.1,33.1,"NBA"
"CJ McCollum",33333333,"G","SG",31,"NOP",75,75,35.3,7.8,17.9,0.437,2.8,7.2,0.389,5,10.7,0.469,2.4,3.2,0.769,0.7,3.6,4.4,5.7,0.9,0.5,2.4,2,20.9,"NBA"
"James Harden",3.3e+07,"G","PG",33,"PHI",58,58,36.8,6.4,14.5,0.441,2.8,7.2,0.385,3.6,7.3,0.495,5.4,6.2,0.867,0.7,5.4,6.1,10.7,1.2,0.5,3.4,1.9,21,"NBA"
"Jamal Murray",31650600,"G","PG",25,"DEN",65,65,32.8,7.3,16,0.454,2.6,6.6,0.398,4.6,9.4,0.494,2.8,3.3,0.833,0.7,3.2,4,6.2,1,0.2,2.2,1.6,20,"NBA"
"Brandon Ingram",31650600,"F","SF",25,"NOP",45,45,34.2,9,18.6,0.484,1.4,3.6,0.39,7.6,14.9,0.507,5.3,6,0.882,0.5,5,5.5,5.8,0.7,0.4,3.3,2.6,24.7,"NBA"
"D'Angelo Russell",31377750,"G","PG",26,"LAL/MIN",71,71,32.5,6.3,13.4,0.469,2.7,6.9,0.396,3.5,6.5,0.548,2.5,3,0.829,0.5,2.5,3,6.2,1,0.4,2.6,2,17.8,"NBA"
"Donovan Mitchell",30913750,"G","SG",26,"CLE",68,68,35.8,10,20.6,0.484,3.6,9.3,0.386,6.4,11.3,0.566,4.7,5.4,0.867,0.9,3.3,4.3,4.4,1.5,0.4,2.6,2.5,28.3,"NBA"
"Shai Gilgeous-Alexander",30913750,"G","PG",24,"OKC",68,68,35.5,10.4,20.3,0.51,0.9,2.5,0.345,9.5,17.8,0.533,9.8,10.9,0.905,0.9,4,4.8,5.5,1.6,1,2.8,2.8,31.4,"NBA"
"Deandre Ayton",30913750,"C","C",24,"PHO",67,67,30.4,7.8,13.2,0.589,0.1,0.4,0.292,7.7,12.9,0.597,2.3,3,0.76,2.6,7.4,10,1.7,0.6,0.8,1.8,2.8,18,"NBA"
"Kevin Love",30556968,"F","PF",34,"CLE/MIA",62,20,20,2.7,6.8,0.389,1.6,4.8,0.334,1.1,2.1,0.516,1.3,1.5,0.879,1,5.5,6.4,1.9,0.3,0.2,1.1,1.6,8.2,"NBA"
"Jayson Tatum",30351780,"F","SF",24,"BOS",74,74,36.9,9.8,21.1,0.466,3.2,9.3,0.35,6.6,11.8,0.558,7.2,8.4,0.854,1.1,7.7,8.8,4.6,1.1,0.7,2.9,2.2,30.1,"NBA"
"Bam Adebayo",30351780,"C","C",25,"MIA",75,75,34.6,8,14.9,0.54,0,0.2,0.083,8,14.7,0.545,4.3,5.4,0.806,2.5,6.7,9.2,3.2,1.2,0.8,2.5,2.8,20.4,"NBA"
"De'Aaron Fox",30351780,"G","PG",25,"SAC",73,73,33.4,9.3,18.2,0.512,1.6,5,0.324,7.7,13.2,0.584,4.7,6,0.78,0.5,3.6,4.2,6.1,1.1,0.3,2.5,2.4,25,"NBA"
"Gordon Hayward",30075000,"F","SF",32,"CHO",50,50,31.5,5.5,11.6,0.475,1,3.2,0.325,4.5,8.4,0.532,2.6,3.2,0.811,0.7,3.6,4.3,4.1,0.8,0.2,2,1.4,14.7,"NBA"
"Jaylen Brown",29776785,"F","SF",26,"BOS",67,67,35.9,10.1,20.6,0.491,2.4,7.3,0.335,7.7,13.4,0.576,3.9,5.1,0.765,1.2,5.7,6.9,3.5,1.1,0.4,2.9,2.6,26.6,"NBA"
"Chris Paul",28400000,"G","PG",37,"PHO",59,59,32,5,11.3,0.44,1.7,4.4,0.375,3.3,6.9,0.482,2.3,2.7,0.831,0.5,3.8,4.3,8.9,1.5,0.4,1.9,2.1,13.9,"NBA"
"Kyle Lowry",28333334,"G","PG",36,"MIA",55,44,31.2,3.6,8.8,0.404,1.9,5.6,0.345,1.6,3.2,0.509,2.1,2.5,0.859,0.8,3.3,4.1,5.1,1,0.4,1.9,2.6,11.2,"NBA"
"Jalen Brunson",27733332,"G","PG",26,"NYK",68,68,35,8.6,17.6,0.491,2,4.7,0.416,6.7,12.8,0.519,4.8,5.8,0.829,0.6,3,3.5,6.2,0.9,0.2,2.1,2.2,24,"NBA"
"DeMar DeRozan",27300000,"F","SF",33,"CHI",74,74,36.2,8.9,17.6,0.504,0.6,1.9,0.324,8.3,15.7,0.526,6.2,7.1,0.872,0.5,4.2,4.6,5.1,1.1,0.5,2.1,2.5,24.5,"NBA"
"Al Horford",26500000,"C","C",36,"BOS",63,63,30.5,3.6,7.6,0.476,2.3,5.2,0.446,1.3,2.4,0.539,0.2,0.3,0.714,1.2,5,6.2,3,0.5,1,0.6,1.9,9.8,"NBA"
"Draymond Green",25806468,"F","PF",32,"GSW",73,73,31.5,3.4,6.5,0.527,0.5,1.8,0.305,2.9,4.7,0.612,1.1,1.5,0.713,0.9,6.3,7.2,6.8,1,0.8,2.8,3.1,8.5,"NBA"
"Julius Randle",23760000,"F","PF",28,"NYK",77,77,35.5,8.5,18.6,0.459,2.8,8.3,0.343,5.7,10.3,0.553,5.2,6.9,0.757,1.8,8.1,10,4.1,0.6,0.3,2.8,3,25.1,"NBA"
"John Collins",23500000,"F","PF",25,"ATL",71,71,30,5.1,10,0.508,1,3.4,0.292,4.1,6.6,0.619,2,2.5,0.803,1.1,5.4,6.5,1.2,0.6,1,1.1,3.1,13.1,"NBA"
"Mike Conley",22680000,"G","PG",35,"MIN/UTA",67,66,30.3,3.9,9.1,0.428,2,5.2,0.385,1.9,3.9,0.486,2.1,2.5,0.834,0.5,2.2,2.7,6.7,1.1,0.2,1.5,2.1,11.9,"NBA"
"Malcolm Brogdon",22600000,"G","PG",30,"BOS",67,0,26,5.3,10.9,0.484,2,4.4,0.444,3.3,6.5,0.51,2.4,2.7,0.87,0.6,3.6,4.2,3.7,0.7,0.3,1.5,1.6,14.9,"NBA"
"Anfernee Simons",22321429,"G","SG",23,"POR",62,62,35,7.5,16.9,0.447,3.4,9.1,0.377,4.1,7.8,0.528,2.6,2.9,0.894,0.3,2.3,2.6,4.1,0.7,0.2,2.1,2.3,21.1,"NBA"
"Terry Rozier",21486316,"G","SG",28,"CHO",63,63,35.3,7.8,18.9,0.415,2.6,8,0.327,5.2,10.8,0.48,2.8,3.5,0.809,0.8,3.3,4.1,5.1,1.2,0.3,2.1,1.9,21.1,"NBA"
"Fred VanVleet",21250000,"G","PG",28,"TOR",69,69,36.7,6.3,16.1,0.393,3,8.8,0.342,3.3,7.3,0.455,3.7,4.1,0.898,0.4,3.6,4.1,7.2,1.8,0.6,2,2.8,19.3,"NBA"
"Buddy Hield",21177750,"F","SF",30,"IND",80,73,31,5.9,13,0.458,3.6,8.5,0.425,2.3,4.5,0.518,1.3,1.6,0.822,0.8,4.2,5,2.8,1.2,0.3,1.7,2,16.8,"NBA"
"Domantas Sabonis",21100000,"C","C",26,"SAC",79,79,34.6,7.3,11.9,0.615,0.4,1.1,0.373,6.9,10.8,0.639,4.1,5.5,0.742,3.2,9.1,12.3,7.3,0.8,0.5,2.9,3.5,19.1,"NBA"
"Jerami Grant",20955000,"F","PF",28,"POR",63,63,35.7,6.9,14.5,0.475,2.3,5.7,0.401,4.6,8.8,0.523,4.4,5.4,0.813,0.8,3.7,4.5,2.4,0.8,0.8,1.8,2.4,20.5,"NBA"
"Aaron Gordon",20690909,"F","PF",27,"DEN",68,68,30.2,6.3,11.2,0.564,0.9,2.5,0.347,5.4,8.6,0.628,2.8,4.6,0.608,2.4,4.1,6.6,3,0.8,0.8,1.4,1.9,16.3,"NBA"
"Mikal Bridges",20100000,"F","SF-SG",26,"BRK/PHO",83,83,35.7,7.1,15.3,0.468,2,5.3,0.382,5.1,9.9,0.514,3.8,4.3,0.895,1,3.4,4.4,3.3,1.1,0.7,1.5,1.9,20.1,"NBA"
"Jarrett Allen",2e+07,"C","C",24,"CLE",68,68,32.6,5.9,9.2,0.644,0,0.1,0.1,5.9,9.1,0.653,2.4,3.3,0.733,3.3,6.5,9.8,1.7,0.8,1.2,1.4,2.3,14.3,"NBA"
"Nicolas Batum",19700319,"F","PF",34,"LAC",78,19,21.9,2.1,4.9,0.42,1.6,4.1,0.391,0.5,0.8,0.563,0.4,0.6,0.708,0.8,3,3.8,1.6,0.7,0.6,0.6,1.9,6.1,"NBA"
"Eric Gordon",19568360,"G","SG",34,"HOU/LAC",69,58,28.5,4.2,9.5,0.446,1.9,5.2,0.371,2.3,4.3,0.535,2.1,2.5,0.821,0.2,1.7,1.9,2.7,0.6,0.4,1.5,1.1,12.4,"NBA"
"Spencer Dinwiddie",19500000,"G","SG-PG",29,"BRK/DAL",79,79,34.5,5.8,13.3,0.438,2.3,6.2,0.369,3.5,7.1,0.498,3.4,4.2,0.812,0.4,3.1,3.4,6.5,0.8,0.3,1.8,2.4,17.3,"NBA"
"Caris LeVert",18796296,"G","SG",28,"CLE",74,30,30.2,4.3,10,0.431,1.7,4.4,0.392,2.6,5.6,0.462,1.8,2.4,0.722,0.7,3.1,3.8,3.9,1,0.3,1.6,2.3,12.1,"NBA"
"Joe Harris",18642857,"F","SF",31,"BRK",74,33,20.6,2.7,5.9,0.457,1.9,4.5,0.426,0.8,1.4,0.551,0.2,0.4,0.643,0.3,1.9,2.2,1.4,0.5,0.2,0.6,1.9,7.6,"NBA"
"Harrison Barnes",18352273,"F","PF",30,"SAC",82,82,32.5,4.6,9.6,0.473,1.6,4.3,0.374,3,5.3,0.553,4.3,5,0.847,1.1,3.4,4.5,1.6,0.7,0.1,1,1.3,15,"NBA"
"Clint Capela",18206896,"C","C",28,"ATL",65,63,26.6,5.4,8.2,0.653,0,0,0,5.4,8.2,0.654,1.2,2,0.603,4,7.1,11,0.9,0.7,1.2,0.8,2.1,12,"NBA"
"Evan Fournier",1.8e+07,"G","SG",30,"NYK",27,7,17,2.1,6.1,0.337,1.3,4.2,0.307,0.8,1.9,0.404,0.7,0.8,0.857,0.1,1.7,1.8,1.3,0.6,0.1,0.8,1.7,6.1,"NBA"
"Steven Adams",17926829,"C","C",29,"MEM",42,42,27,3.7,6.3,0.597,0,0,0,3.7,6.2,0.599,1.1,3.1,0.364,5.1,6.5,11.5,2.3,0.9,1.1,1.9,2.3,8.6,"NBA"
"Jonathan Isaac",17400000,"F","PF",25,"ORL",11,0,11.3,2,4.8,0.415,0.5,1.4,0.4,1.5,3.5,0.421,0.5,0.8,0.556,1.4,2.6,4,0.5,1.3,0.4,0.4,0.5,5,"NBA"
"OG Anunoby",17357143,"F","SF",25,"TOR",67,67,35.6,6.3,13.2,0.476,2.1,5.5,0.387,4.2,7.7,0.539,2.1,2.5,0.838,1.4,3.5,5,2,1.9,0.7,2,3,16.8,"NBA"
"Marcus Smart",17207142,"G","PG",28,"BOS",61,61,32.1,4.1,9.9,0.415,1.9,5.6,0.336,2.2,4.3,0.519,1.4,1.9,0.746,0.8,2.4,3.1,6.3,1.5,0.4,2.3,2.8,11.5,"NBA"
"Derrick White",17142857,"G","SG",28,"BOS",82,70,28.3,4.3,9.2,0.462,1.8,4.8,0.381,2.5,4.5,0.548,2,2.3,0.875,0.6,2.9,3.6,3.9,0.7,0.9,1.2,2.2,12.4,"NBA"
"Dejounte Murray",17071120,"G","SG",26,"ATL",74,74,36.4,8.3,17.8,0.464,1.8,5.2,0.344,6.5,12.6,0.514,2.1,2.6,0.832,0.7,4.5,5.3,6.1,1.5,0.3,2.2,1.4,20.5,"NBA"
"Mitchell Robinson",17045454,"C","C",24,"NYK",59,58,27,3.2,4.7,0.671,0,0,NA,3.2,4.7,0.671,1,2.1,0.484,4.5,4.9,9.4,0.9,0.9,1.8,0.7,2.7,7.4,"NBA"
"Duncan Robinson",16902000,"F","SF",28,"MIA",42,1,16.5,2.1,5.6,0.371,1.5,4.6,0.328,0.6,1.1,0.556,0.7,0.8,0.906,0.2,1.5,1.6,1.1,0.3,0,0.7,1.8,6.4,"NBA"
"Norman Powell",16758621,"G","SG",29,"LAC",60,8,26.1,5.7,11.8,0.479,1.9,4.8,0.397,3.8,7.1,0.534,3.8,4.6,0.812,0.4,2.5,2.9,1.8,0.8,0.3,1.7,2.1,17,"NBA"
"Collin Sexton",16700000,"G","PG",24,"UTA",48,15,23.9,4.9,9.8,0.506,1,2.5,0.393,3.9,7.2,0.546,3.4,4.1,0.819,0.8,1.4,2.2,2.9,0.6,0.1,1.8,2.3,14.3,"NBA"
"Markelle Fultz",16500000,"G","PG",24,"ORL",60,60,29.6,5.8,11.3,0.514,0.5,1.5,0.31,5.4,9.9,0.544,1.9,2.4,0.783,1.2,2.8,3.9,5.7,1.5,0.4,2.3,2.2,14,"NBA"
"Lauri Markkanen",16475454,"F","PF",25,"UTA",66,66,34.4,8.7,17.3,0.499,3,7.7,0.391,5.6,9.6,0.585,5.3,6,0.875,2,6.7,8.6,1.9,0.6,0.6,1.9,2.1,25.6,"NBA"
"Marcus Morris",16372093,"F","PF",33,"LAC",65,65,28.1,4.2,9.9,0.426,1.7,4.7,0.364,2.5,5.2,0.484,1,1.3,0.782,0.4,3.5,4,1.8,0.6,0.3,0.9,2.1,11.2,"NBA"
"Malik Beasley",15558035,"G","SG",26,"LAL/UTA",81,27,25.8,4.6,11.6,0.395,2.9,8.1,0.357,1.7,3.4,0.484,0.6,0.8,0.769,0.4,3.1,3.5,1.5,0.8,0.1,1.1,1.3,12.7,"NBA"
"Luguentz Dort",15277778,"F","SF",23,"OKC",74,73,30.7,4.6,11.8,0.388,1.8,5.5,0.33,2.8,6.3,0.44,2.7,3.5,0.772,1.7,2.9,4.6,2.1,1,0.3,1.2,3.3,13.7,"NBA"
"Will Barton",15059712,"G","SG",32,"WAS/TOR",56,2,17.7,2.5,6.5,0.379,1.2,3.2,0.367,1.3,3.3,0.391,0.7,0.8,0.787,0.3,2.2,2.4,2,0.5,0.2,0.9,1,6.8,"NBA"
"Tyus Jones",1.5e+07,"G","PG",26,"MEM",80,22,24.3,3.9,8.9,0.438,1.5,4.1,0.371,2.4,4.8,0.495,1,1.3,0.8,0.4,2.2,2.5,5.2,1,0.1,0.9,0.4,10.3,"NBA"
"Derrick Rose",14520730,"G","PG",34,"NYK",27,0,12.5,2.3,5.9,0.384,0.7,2.3,0.302,1.6,3.6,0.438,0.4,0.4,0.917,0.3,1.2,1.5,1.7,0.3,0.2,0.8,0.7,5.6,"NBA"
"Kevin Huerter",14508929,"G","SG",24,"SAC",75,75,29.4,5.6,11.5,0.485,2.7,6.8,0.402,2.9,4.7,0.604,1.3,1.7,0.725,0.6,2.8,3.3,2.9,1.1,0.3,1.3,2.4,15.2,"NBA"
"Christian Wood",14317459,"C","C",27,"DAL",67,17,25.9,5.9,11.5,0.515,1.6,4.2,0.376,4.3,7.3,0.594,3.2,4.2,0.772,1.3,6,7.3,1.8,0.4,1.1,1.8,2.5,16.6,"NBA"
"Kentavious Caldwell-Pope",14004703,"G","SG",29,"DEN",76,76,31.3,3.8,8.3,0.462,1.8,4.2,0.423,2.1,4.1,0.502,1.4,1.6,0.824,0.5,2.3,2.7,2.4,1.5,0.5,1.1,1.9,10.8,"NBA"
"Brook Lopez",13906976,"C","C",34,"MIL",78,78,30.4,6.1,11.5,0.531,1.7,4.7,0.374,4.4,6.9,0.637,1.9,2.4,0.784,2,4.7,6.7,1.3,0.5,2.5,1.4,2.6,15.9,"NBA"
"Patrick Beverley",13801614,"G","SG-PG",34,"LAL/CHI",67,67,27.1,2.1,5.4,0.4,1.2,3.6,0.335,1,1.8,0.529,0.7,1,0.723,0.7,3,3.7,2.9,0.9,0.6,0.9,2.8,6.2,"NBA"
"Doug McDermott",13750000,"F","SF",31,"SAS",64,0,20.5,3.7,8.2,0.457,1.9,4.7,0.413,1.8,3.5,0.516,0.8,1.1,0.757,0.4,1.8,2.2,1.4,0.2,0.1,0.9,1.8,10.2,"NBA"
"Luke Kennard",13745455,"G","SG",26,"LAC/MEM",59,14,22.3,3.2,6.5,0.492,2.3,4.6,0.494,0.9,1.9,0.487,0.6,0.7,0.949,0.3,2.4,2.7,1.5,0.5,0.1,0.8,1.4,9.3,"NBA"
"Zion Williamson",13534817,"F","PF",22,"NOP",29,29,33,9.8,16.2,0.608,0.2,0.7,0.368,9.6,15.5,0.618,6.1,8.6,0.714,2,5,7,4.6,1.1,0.6,3.4,2.2,26,"NBA"
"Jordan Clarkson",13340000,"G","SG",30,"UTA",61,61,32.6,7.5,16.9,0.444,2.5,7.5,0.338,5,9.4,0.53,3.3,4,0.816,1.2,2.9,4,4.4,0.5,0.2,3,2,20.8,"NBA"
"Gary Harris",1.3e+07,"G","SG",28,"ORL",48,42,24.7,2.9,6.4,0.45,2,4.5,0.431,0.9,1.9,0.494,0.6,0.6,0.9,0.4,1.6,2,1.2,0.9,0.3,0.6,1.9,8.3,"NBA"
"Kyle Kuzma",1.3e+07,"F","PF",27,"WAS",64,64,35,8,17.8,0.448,2.5,7.5,0.333,5.5,10.3,0.533,2.7,3.7,0.73,0.9,6.4,7.2,3.7,0.6,0.5,3,2.3,21.2,"NBA"
"Josh Hart",12960000,"F","SF",27,"NYK/POR",76,52,32.3,3.6,6.8,0.529,0.8,2.2,0.372,2.8,4.7,0.601,1.7,2.3,0.75,1.9,5.9,7.8,3.8,1.2,0.3,1.5,2.6,9.8,"NBA"
"Dorian Finney-Smith",12939848,"F","PF",29,"BRK/DAL",66,66,30.4,3,7.6,0.391,1.7,5.1,0.337,1.2,2.5,0.503,0.7,0.9,0.763,1.7,3.1,4.8,1.5,0.8,0.5,0.9,2.2,8.3,"NBA"
"Kelly Olynyk",12804878,"C","C",31,"UTA",68,68,28.6,4.1,8.2,0.499,1.4,3.5,0.394,2.7,4.7,0.576,2.9,3.4,0.853,1.2,5,6.2,3.7,0.9,0.5,2.5,3.4,12.5,"NBA"
"Chris Boucher",12690000,"F","PF",30,"TOR",76,0,20,3.4,7,0.493,0.8,2.5,0.328,2.6,4.5,0.585,1.7,2.2,0.762,2.1,3.5,5.5,0.4,0.6,0.8,0.5,1.9,9.4,"NBA"
"Robert Covington",12307692,"F","PF",32,"LAC",48,0,16.2,2.1,4.8,0.445,1.1,2.8,0.397,1,1.9,0.516,0.6,0.8,0.75,0.6,2.8,3.5,1.2,0.8,0.7,0.7,1.8,6,"NBA"
"Josh Richardson",12196094,"G","SG",29,"NOP/SAS",65,10,23.5,3.7,8.5,0.431,1.6,4.5,0.365,2,4,0.506,1.1,1.2,0.852,0.6,2.1,2.7,2.7,1.1,0.3,1.3,1.8,10.1,"NBA"
"Ja Morant",12119440,"G","PG",23,"MEM",61,59,31.9,9.3,19.9,0.466,1.5,4.9,0.307,7.8,15,0.519,6.1,8.1,0.748,1,4.9,5.9,8.1,1.1,0.3,3.4,1.6,26.2,"NBA"
"Danny Green",11710528,"G","SG",35,"CLE/MEM",11,0,12.5,2,4.5,0.449,1.5,3.4,0.432,0.5,1.1,0.5,0.1,0.1,1,0.3,1,1.3,0.5,0.5,0.3,0.9,1.5,5.5,"NBA"
"Terrence Ross",11500000,"G","SG",31,"ORL/PHO",63,9,21.1,3.2,7.4,0.43,1.5,4.1,0.368,1.7,3.3,0.507,0.4,0.5,0.794,0.3,2.1,2.4,1.5,0.6,0.2,0.7,1.5,8.3,"NBA"
"Reggie Jackson",11457217,"G","PG",32,"DEN/LAC",68,40,24.4,3.9,9.4,0.411,1.4,4.2,0.333,2.5,5.2,0.474,1,1.1,0.91,0.4,1.8,2.1,3.4,0.7,0.1,1.7,1.7,10.2,"NBA"
"Dillon Brooks",11400000,"F","SF",27,"MEM",73,73,30.3,5.4,13.6,0.396,2,6,0.326,3.4,7.6,0.451,1.6,2.1,0.779,0.6,2.7,3.3,2.6,0.9,0.2,1.4,3.3,14.3,"NBA"
"Richaun Holmes",11215260,"C","C",29,"SAC",42,1,8.3,1.3,2.1,0.618,0.1,0.2,0.625,1.2,1.9,0.617,0.4,0.5,0.789,0.7,1.2,1.9,0.2,0.1,0.3,0.3,1.2,3.1,"NBA"
"Dwight Powell",11080125,"C","C",31,"DAL",76,64,19.2,2.6,3.5,0.732,0,0.1,0,2.6,3.5,0.746,1.5,2.2,0.667,2,2.2,4.1,0.9,0.6,0.3,0.9,2.8,6.7,"NBA"
"Paolo Banchero",11055120,"F","PF",20,"ORL",72,72,33.8,6.7,15.6,0.427,1.2,4,0.298,5.5,11.6,0.471,5.5,7.4,0.738,1.2,5.7,6.9,3.7,0.8,0.5,2.8,2.2,20,"NBA"
"RJ Barrett",10900634,"G","SG",22,"NYK",73,73,33.9,7,16.1,0.434,1.7,5.3,0.31,5.3,10.8,0.495,4,5.4,0.74,0.8,4.2,5,2.8,0.4,0.2,2.2,2.5,19.6,"NBA"
"Bobby Portis",10843350,"F","PF",27,"MIL",70,22,26,5.7,11.5,0.496,1.4,3.7,0.37,4.3,7.8,0.555,1.4,1.8,0.768,2.2,7.4,9.6,1.5,0.4,0.2,1.2,1.6,14.1,"NBA"
"DeAndre Jordan",10733758,"C","C",34,"DEN",39,8,15,2.3,2.9,0.765,0,0,1,2.2,2.9,0.763,0.6,1.2,0.458,1.3,3.8,5.2,0.9,0.3,0.6,1.2,1.8,5.1,"NBA"
"Anthony Edwards",10733400,"G","SG",21,"MIN",79,79,36,8.9,19.5,0.459,2.7,7.3,0.369,6.3,12.2,0.513,4,5.3,0.756,0.6,5.2,5.8,4.4,1.6,0.7,3.3,2.4,24.6,"NBA"
"Robert Williams",10714287,"C","C",25,"BOS",35,20,23.5,3.6,4.9,0.747,0,0,0,3.6,4.8,0.751,0.7,1.2,0.61,3,5.4,8.3,1.4,0.6,1.4,1,1.9,8,"NBA"
"Cade Cunningham",10552800,"G","PG",21,"DET",12,12,33.3,7.8,18.7,0.415,1.4,5.1,0.279,6.3,13.6,0.466,3,3.6,0.837,1,5.2,6.2,6,0.8,0.6,3.3,2.8,19.9,"NBA"
"Mo Bamba",10300000,"C","C",24,"LAL/ORL",49,7,15.7,2.4,4.9,0.485,1,2.5,0.387,1.4,2.4,0.59,0.8,1.3,0.661,1.2,3.4,4.6,0.9,0.3,0.9,0.6,2.1,6.6,"NBA"
"Talen Horton-Tucker",10260000,"G","SG",22,"UTA",65,20,20.2,4,9.4,0.419,0.9,3.1,0.286,3.1,6.3,0.485,1.9,2.6,0.75,0.6,2.6,3.2,3.8,0.6,0.4,1.9,1.7,10.7,"NBA"
"Jae Crowder",10183800,"F","PF",32,"MIL",18,3,18.9,2.5,5.2,0.479,1.3,3.1,0.436,1.2,2.2,0.538,0.6,0.7,0.833,0.9,2.9,3.8,1.5,0.7,0.3,0.4,1.5,6.9,"NBA"
"Ivica Zubac",10123457,"C","C",25,"LAC",76,76,28.6,4.3,6.8,0.634,0,0,0,4.3,6.7,0.637,2.2,3.1,0.697,3.1,6.8,9.9,1,0.4,1.3,1.5,2.9,10.8,"NBA"
"Reggie Bullock",10012800,"F","SF",31,"DAL",78,55,30.3,2.5,6,0.409,1.9,5.1,0.38,0.5,0.9,0.562,0.3,0.5,0.703,0.4,3.2,3.6,1.4,0.7,0.2,0.5,2.1,7.2,"NBA"
"Alec Burks",10012800,"G","SG",31,"DET",51,8,22,3.9,9,0.436,1.9,4.7,0.414,2,4.3,0.459,3,3.7,0.814,0.4,2.7,3.1,2.2,0.7,0.2,1.1,1.9,12.8,"NBA"
"De'Andre Hunter",9835881,"F","SF",25,"ATL",67,67,31.7,5.7,12.3,0.461,1.5,4.3,0.35,4.2,8,0.521,2.6,3.1,0.826,0.7,3.6,4.2,1.4,0.5,0.3,1.2,3,15.4,"NBA"
"James Wiseman",9603360,"C","C",21,"GSW/DET",45,22,19.3,4.2,7.5,0.558,0.1,0.4,0.2,4.1,7.1,0.58,1.5,2.2,0.701,1.6,4.3,5.9,0.7,0.2,0.6,1.1,2.4,10,"NBA"
"Landry Shamet",9500000,"G","SG",25,"PHO",40,9,20.2,2.8,7.5,0.377,1.9,5,0.377,1,2.5,0.376,1.1,1.3,0.882,0.3,1.4,1.7,2.3,0.7,0.1,0.9,1.5,8.7,"NBA"
"Malik Monk",9472219,"G","SG",24,"SAC",77,0,22.3,4.6,10.3,0.448,1.9,5.2,0.359,2.8,5.2,0.538,2.4,2.7,0.889,0.4,2.2,2.6,3.9,0.6,0.3,1.9,1.6,13.5,"NBA"
"Jalen Green",9441840,"G","SG",20,"HOU",76,76,34.2,7.4,17.9,0.416,2.5,7.3,0.338,5,10.6,0.471,4.8,6.1,0.786,0.6,3.2,3.7,3.7,0.8,0.2,2.6,1.7,22.1,"NBA"
"Jakob Poeltl",9398148,"C","C",27,"SAS/TOR",72,71,26.5,5.4,8.6,0.629,0,0,0,5.4,8.6,0.63,1.7,2.8,0.592,3.3,5.8,9.1,2.7,0.9,1.2,1.7,2.7,12.5,"NBA"
"Nerlens Noel",9391069,"C","C",28,"BRK/DET",17,4,11.5,0.8,2.1,0.361,0.1,0.1,0.5,0.7,2,0.353,0.5,0.7,0.667,0.6,2.1,2.7,0.6,0.9,0.6,0.8,1.9,2.1,"NBA"
"Royce O'Neale",9200000,"F","SF",29,"BRK",76,53,31.7,3,7.8,0.386,2.1,5.5,0.389,0.9,2.3,0.379,0.7,0.9,0.725,0.7,4.3,5.1,3.7,0.9,0.6,1.5,3.1,8.8,"NBA"
"Monte Morris",9125000,"G","PG",27,"WAS",62,61,27.3,4,8.3,0.48,1.3,3.3,0.382,2.7,5,0.543,1,1.2,0.831,0.4,3,3.4,5.3,0.7,0.2,1,1.2,10.3,"NBA"
"Mason Plumlee",9080417,"C","C",32,"LAC/CHO",79,60,26,4.2,6.1,0.68,0,0,NA,4.2,6.1,0.68,2.5,4,0.636,2.9,6,8.9,3.1,0.6,0.6,1.5,2.7,10.8,"NBA"
"Alex Caruso",9030000,"G","PG",28,"CHI",67,36,23.5,1.9,4.3,0.455,0.8,2.3,0.364,1.1,2,0.556,0.9,1.1,0.808,0.6,2.3,2.9,2.9,1.5,0.7,1.1,2.4,5.6,"NBA"
"Maxi Kleber",9e+06,"F","PF",31,"DAL",37,5,25.1,2.1,4.6,0.456,1.1,3,0.348,1,1.5,0.667,0.7,1,0.711,0.8,2.8,3.6,1.4,0.3,0.8,0.7,2.3,5.9,"NBA"
"Grayson Allen",8925000,"G","SG",27,"MIL",72,70,27.4,3.4,7.7,0.44,2,5.1,0.399,1.4,2.7,0.518,1.6,1.8,0.905,0.8,2.4,3.3,2.3,0.9,0.2,1,1.6,10.4,"NBA"
"Darius Garland",8920794,"G","PG",23,"CLE",69,69,35.5,7.6,16.4,0.462,2.4,6,0.41,5.1,10.4,0.492,4,4.7,0.863,0.4,2.3,2.7,7.8,1.2,0.1,2.9,2.1,21.6,"NBA"
"Isaiah Hartenstein",8854879,"C","C",24,"NYK",82,8,19.8,2.1,4,0.535,0.1,0.5,0.216,2,3.5,0.576,0.6,0.9,0.676,2.5,4,6.5,1.2,0.6,0.8,0.8,2.6,5,"NBA"
"Kyle Anderson",8780488,"F","PF",29,"MIN",69,46,28.4,3.7,7.2,0.509,0.6,1.5,0.41,3,5.7,0.536,1.4,2,0.735,1,4.4,5.3,4.9,1.1,0.9,1.5,2.1,9.4,"NBA"
"Victor Oladipo",8750000,"G","SG",30,"MIA",42,2,26.3,3.8,9.6,0.397,1.7,5,0.33,2.1,4.5,0.471,1.4,1.9,0.747,0.4,2.7,3,3.5,1.4,0.3,2.1,2.4,10.7,"NBA"
"Daniel Theis",8694369,"C","C",30,"IND",7,1,15.6,3,6.3,0.477,0.3,1.6,0.182,2.7,4.7,0.576,0.7,1.7,0.417,1,2.1,3.1,1.3,0.3,0.9,0.4,1,7,"NBA"
"LaMelo Ball",8623920,"G","PG",21,"CHO",36,36,35.2,8.2,20,0.411,4,10.6,0.376,4.2,9.4,0.45,2.8,3.4,0.836,1.2,5.3,6.4,8.4,1.3,0.3,3.6,3.3,23.3,"NBA"
"Seth Curry",8496653,"G","SG",32,"BRK",61,7,19.9,3.4,7.4,0.463,1.5,3.8,0.405,1.9,3.6,0.525,0.8,0.9,0.927,0.2,1.4,1.6,1.6,0.6,0.1,0.8,1.6,9.2,"NBA"
"Evan Mobley",8478720,"F","PF",21,"CLE",79,79,34.4,6.6,12,0.554,0.3,1.3,0.216,6.4,10.7,0.595,2.6,3.8,0.674,2.4,6.6,9,2.8,0.8,1.5,1.8,2.8,16.2,"NBA"
"Gary Payton II",8300000,"G","SG",30,"GSW/POR",22,1,16.7,1.9,3.1,0.594,0.6,1.2,0.5,1.3,2,0.651,0.3,0.3,0.857,1.1,2,3.1,1.4,1,0.2,0.7,2,4.6,"NBA"
"Dewayne Dedmon",8283688,"C","C",33,"PHI/MIA",38,1,11.2,2,4,0.51,0.3,1,0.308,1.7,2.9,0.58,0.9,1.3,0.673,0.9,2.6,3.5,0.7,0.2,0.5,0.7,2,5.2,"NBA"
"De'Anthony Melton",8250000,"G","SG",24,"PHI",77,58,27.9,3.6,8.5,0.425,2,5.2,0.39,1.6,3.2,0.484,0.9,1.1,0.793,0.9,3.2,4.1,2.6,1.6,0.5,1.3,2.5,10.1,"NBA"
"JaMychal Green",8200000,"F","PF",32,"GSW",57,1,14,2.4,4.4,0.54,0.7,1.9,0.378,1.6,2.5,0.667,0.9,1.2,0.776,1.3,2.3,3.6,0.9,0.4,0.4,0.9,1.8,6.4,"NBA"
"Keegan Murray",8008440,"F","SF",22,"SAC",80,78,29.8,4.4,9.8,0.453,2.6,6.3,0.411,1.9,3.5,0.527,0.8,1,0.765,1.1,3.5,4.6,1.2,0.8,0.5,0.8,2,12.2,"NBA"
"Kevon Looney",8e+06,"C","C",26,"GSW",82,70,23.9,3,4.7,0.63,0,0,0,3,4.7,0.632,1.1,1.9,0.606,3.3,5.9,9.3,2.5,0.6,0.6,0.5,2.7,7,"NBA"
"Thaddeus Young",8e+06,"F","PF",34,"TOR",54,9,14.7,2,3.7,0.545,0.1,0.6,0.176,1.9,3,0.622,0.3,0.5,0.692,1.3,1.8,3.1,1.4,1,0.1,0.8,1.6,4.4,"NBA"
"Delon Wright",7804878,"G","PG",30,"WAS",50,14,24.4,2.8,5.8,0.474,0.8,2.4,0.345,1.9,3.4,0.564,1,1.2,0.867,1.2,2.4,3.6,3.9,1.8,0.3,0.9,1.2,7.4,"NBA"
"Patrick Williams",7775400,"F","PF",21,"CHI",82,65,28.3,3.8,8.3,0.464,1.4,3.4,0.415,2.4,4.9,0.498,1.1,1.3,0.857,1,3,4,1.2,0.9,0.9,1.2,1.8,10.2,"NBA"
"Scottie Barnes",7644600,"F","SF",21,"TOR",77,76,34.8,6,13.2,0.456,0.8,2.9,0.281,5.2,10.3,0.505,2.5,3.2,0.772,2.3,4.3,6.6,4.8,1.1,0.8,2,2.2,15.3,"NBA"
"Cedi Osman",7426088,"F","SF",27,"CLE",77,2,20.1,3.1,6.9,0.451,1.5,4.1,0.372,1.6,2.8,0.564,1,1.4,0.694,0.3,2,2.3,1.5,0.5,0.1,0.7,1.6,8.7,"NBA"
"Coby White",7413955,"G","SG",22,"CHI",74,2,23.4,3.6,8,0.443,1.7,4.6,0.372,1.8,3.4,0.54,0.8,0.9,0.871,0.2,2.6,2.9,2.8,0.7,0.1,1,1.6,9.7,"NBA"
"Zach Collins",7350000,"C","C",25,"SAS",63,26,22.9,4.5,8.7,0.518,0.9,2.3,0.374,3.6,6.4,0.571,1.7,2.3,0.761,1.8,4.5,6.4,2.9,0.6,0.8,2,3.2,11.6,"NBA"
"Jaden Ivey",7252200,"G","SG",20,"DET",74,73,31.1,5.5,13.3,0.416,1.6,4.7,0.343,3.9,8.6,0.457,3.6,4.8,0.747,1,2.9,3.9,5.2,0.8,0.2,3.2,3.3,16.3,"NBA"
"Taurean Prince",7100000,"F","PF",28,"MIN",54,4,22.1,3.3,7,0.467,1.4,3.6,0.381,1.9,3.4,0.557,1.2,1.4,0.844,0.3,2.2,2.4,1.6,0.5,0.3,1.3,2.3,9.1,"NBA"
"Jae'Sean Tate",7065217,"F","SF",27,"HOU",31,7,21.8,3.5,7.4,0.48,0.4,1.5,0.283,3.1,5.9,0.53,1.6,2.2,0.725,1.3,2.5,3.8,2.7,0.7,0.2,1.5,3.4,9.1,"NBA"
"Isaac Okoro",7040880,"F","SF",22,"CLE",76,46,21.7,2.3,4.7,0.494,0.8,2.3,0.363,1.5,2.4,0.617,1,1.4,0.757,0.7,1.8,2.5,1.1,0.7,0.4,0.6,2.1,6.4,"NBA"
"Cody Martin",7e+06,"F","SF",27,"CHO",7,0,19.1,2,5.1,0.389,0.4,2,0.214,1.6,3.1,0.5,0.6,1,0.571,1.1,2.3,3.4,1.6,0.6,0.1,0.3,1.9,5,"NBA"
"Jalen Suggs",6922320,"G","SG",21,"ORL",53,19,23.5,3.5,8.4,0.419,1.2,3.8,0.327,2.3,4.6,0.496,1.6,2.2,0.723,1,2,3,2.9,1.3,0.5,1.8,2.3,9.9,"NBA"
"Jaxson Hayes",6803012,"C","C",22,"NOP",47,2,13,1.8,3.3,0.551,0.1,0.6,0.103,1.8,2.7,0.654,1.2,1.8,0.699,0.8,2,2.8,0.7,0.4,0.4,0.7,1.4,5,"NBA"
"Khem Birch",6667500,"C","C",30,"TOR",20,0,8.1,1,1.6,0.594,0.1,0.1,0.5,0.9,1.5,0.6,0.2,0.3,0.8,0.4,0.9,1.3,0.4,0.3,0.3,0.4,1.2,2.2,"NBA"
"Bennedict Mathurin",6586800,"G","SG",20,"IND",78,17,28.5,5.3,12.2,0.434,1.3,4,0.323,4,8.2,0.488,4.8,5.8,0.828,1.1,3,4.1,1.5,0.6,0.2,1.9,2.1,16.7,"NBA"
"Bruce Brown",6479000,"F","SF",26,"DEN",80,31,28.5,4.5,9.3,0.483,1.1,3.2,0.358,3.3,6.1,0.548,1.5,1.9,0.758,0.8,3.3,4.1,3.4,1.1,0.6,1.5,2.4,11.5,"NBA"
"Caleb Martin",6479000,"F","SF",27,"MIA",71,49,29.3,3.6,7.7,0.464,1.2,3.3,0.356,2.4,4.4,0.545,1.3,1.6,0.805,1.2,3.6,4.8,1.6,1,0.4,1.1,2,9.6,"NBA"
"Joe Ingles",6479000,"F","SF",35,"MIL",46,0,22.7,2.3,5.4,0.435,1.8,4.4,0.409,0.5,1,0.556,0.4,0.5,0.857,0.3,2.5,2.8,3.3,0.7,0.1,1.2,1.6,6.9,"NBA"
"Onyeka Okongwu",6395160,"C","C",22,"ATL",80,18,23.1,4,6.2,0.638,0.1,0.2,0.308,3.9,6.1,0.647,1.9,2.5,0.781,2.7,4.5,7.2,1,0.7,1.3,1,3.1,9.9,"NBA"
"Josh Giddey",6287400,"F","PF",20,"OKC",76,76,31.1,7.1,14.7,0.482,1,3.1,0.325,6.1,11.6,0.524,1.4,1.9,0.731,1.9,5.9,7.9,6.2,0.8,0.4,2.8,1.9,16.6,"NBA"
"Rui Hachimura",6263188,"F","PF",24,"LAL/WAS",63,9,23.3,4.5,9.3,0.486,0.8,2.5,0.319,3.7,6.7,0.55,1.4,1.9,0.739,0.8,3.7,4.5,0.9,0.3,0.4,0.8,1.1,11.2,"NBA"
"Rudy Gay",6184500,"F","PF",36,"UTA",56,0,14.6,1.9,5.1,0.38,0.6,2.3,0.254,1.4,2.8,0.484,0.8,0.9,0.857,0.6,2.3,2.9,1,0.3,0.3,0.7,1.2,5.2,"NBA"
"Jevon Carter",6025000,"G","PG",27,"MIL",81,39,22.3,3,7,0.423,1.8,4.2,0.421,1.2,2.8,0.425,0.4,0.5,0.816,0.4,2.1,2.5,2.4,0.8,0.4,1,2,8,"NBA"
"Shaedon Sharpe",6012960,"G","SG",19,"POR",80,15,22.2,3.8,8.1,0.472,1.3,3.5,0.36,2.6,4.6,0.559,0.9,1.3,0.714,0.8,2.2,3,1.2,0.5,0.3,1,1.7,9.9,"NBA"
"Cameron Payne",6e+06,"G","PG",28,"PHO",48,15,20.2,3.9,9.4,0.415,1.4,3.9,0.368,2.5,5.6,0.448,1,1.3,0.766,0.3,2,2.2,4.5,0.7,0.2,1.7,1.8,10.3,"NBA"
"Justin Holiday",5987975,"F","SF",33,"DAL/ATL",46,2,15.3,1.7,4.4,0.377,1,3.1,0.322,0.7,1.3,0.508,0.1,0.2,0.625,0.1,1.1,1.2,0.9,0.4,0.4,0.5,1.5,4.5,"NBA"
"Cam Reddish",5954454,"F","SF",23,"NYK/POR",40,20,24.8,3.5,7.8,0.446,1.1,3.6,0.313,2.4,4.2,0.56,1.6,1.9,0.853,0.5,1.8,2.2,1.4,1,0.4,1.2,1.8,9.7,"NBA"
"Cameron Johnson",5887899,"F","PF",26,"BRK/PHO",42,41,28.5,5.3,11.3,0.47,2.5,6.1,0.404,2.9,5.2,0.548,2.4,2.9,0.842,0.8,3.6,4.4,1.9,1.2,0.3,0.9,2,15.5,"NBA"
"Ricky Rubio",5853659,"G","PG",32,"CLE",33,2,17.2,1.8,5.4,0.343,0.6,2.5,0.256,1.2,2.9,0.417,0.8,1.1,0.8,0.3,1.8,2.1,3.5,0.8,0.2,0.9,1.5,5.2,"NBA"
"Killian Hayes",5837760,"G","PG",21,"DET",76,56,28.3,4,10.7,0.377,1.1,3.8,0.28,3,7,0.429,1.2,1.5,0.821,0.4,2.5,2.9,6.2,1.4,0.4,2.3,2.9,10.3,"NBA"
"Jonathan Kuminga",5739840,"F","PF",20,"GSW",67,16,20.8,3.9,7.4,0.525,0.8,2.2,0.37,3.1,5.2,0.59,1.3,2.1,0.652,1,2.4,3.4,1.9,0.6,0.5,1.4,2.3,9.9,"NBA"
"Pat Connaughton",5728393,"F","SF",30,"MIL",61,33,23.7,2.7,6.9,0.392,1.8,5.3,0.339,0.9,1.6,0.566,0.4,0.7,0.659,0.8,3.8,4.6,1.3,0.6,0.2,0.5,1.1,7.6,"NBA"
"Tyler Herro",5722116,"G","SG",23,"MIA",67,67,34.9,7.3,16.6,0.439,3,8,0.378,4.2,8.5,0.497,2.5,2.7,0.934,0.4,5,5.4,4.2,0.8,0.2,2.4,1.5,20.1,"NBA"
"Romeo Langford",5634257,"G","SG",23,"SAS",43,21,19.6,2.8,6,0.467,0.4,1.4,0.262,2.4,4.6,0.53,0.9,1.3,0.696,1.3,1.3,2.7,1.2,0.6,0.3,0.7,1.6,6.9,"NBA"
"Dyson Daniels",5508600,"G","PG",19,"NOP",59,11,17.7,1.5,3.5,0.418,0.5,1.5,0.314,1,2.1,0.492,0.4,0.7,0.65,0.6,2.6,3.2,2.3,0.7,0.2,1,1.7,3.8,"NBA"
"JaVale McGee",5461219,"C","C",35,"DAL",42,7,8.5,1.9,3,0.64,0,0.1,0.4,1.9,2.9,0.65,0.6,1,0.585,0.7,1.8,2.5,0.3,0.1,0.6,0.9,1.3,4.4,"NBA"
"Goga Bitadze",5377520,"C","C",23,"ORL/IND",38,1,12,1.8,3.3,0.552,0.2,0.7,0.231,1.7,2.6,0.636,0.6,1.1,0.548,1.6,2,3.6,1,0.4,0.7,0.6,1.7,4.4,"NBA"
"Obi Toppin",5348280,"F","PF",24,"NYK",67,5,15.7,2.8,6.3,0.446,1.3,3.7,0.344,1.5,2.6,0.593,0.6,0.7,0.809,0.4,2.4,2.8,1,0.3,0.2,0.6,1,7.4,"NBA"
"Franz Wagner",5258280,"F","SF",21,"ORL",80,80,32.6,6.8,14,0.485,1.6,4.5,0.361,5.2,9.5,0.544,3.4,4,0.842,0.9,3.2,4.1,3.5,1,0.2,2.1,2.3,18.6,"NBA"
"Kendrick Nunn",5250000,"G","SG",27,"LAL/WAS",70,2,13.8,2.7,6.4,0.424,1.1,3.2,0.354,1.6,3.2,0.493,0.5,0.6,0.854,0.2,1.3,1.6,1.3,0.4,0.1,0.9,0.9,7.1,"NBA"
"Hamidou Diallo",5200000,"F","SF",24,"DET",56,0,17.8,3.8,6.7,0.573,0.1,0.4,0.238,3.8,6.3,0.593,1.6,2.6,0.588,1,2.4,3.5,1,0.9,0.3,1.3,2.2,9.3,"NBA"
"Cory Joseph",5155500,"G","PG",31,"DET",62,2,19.8,2.4,5.7,0.427,1.1,2.9,0.389,1.3,2.8,0.468,0.9,1.2,0.792,0.3,1.4,1.7,3.5,0.5,0.1,0.9,1.4,6.9,"NBA"
"Garrett Temple",5155500,"G","SG",36,"NOP",25,0,6.5,0.7,1.8,0.4,0.4,1,0.423,0.3,0.8,0.368,0.1,0.2,0.75,0.2,0.5,0.7,0.5,0.4,0.1,0.2,0.6,2,"NBA"
"Torrey Craig",5121951,"F","PF",32,"PHO",79,60,24.7,2.9,6.3,0.456,1.3,3.2,0.395,1.6,3.1,0.518,0.4,0.6,0.711,1.8,3.6,5.4,1.5,0.6,0.8,0.9,2.3,7.4,"NBA"
"Jeremy Sochan",5063520,"F","PF",19,"SAS",56,53,26,4.5,9.9,0.453,0.6,2.4,0.246,3.9,7.5,0.519,1.4,2.1,0.698,1.7,3.6,5.3,2.5,0.8,0.4,1.7,2.5,11,"NBA"
"Nickeil Alexander-Walker",5009633,"G","SG",24,"MIN/UTA",59,3,15,2.2,5,0.444,1,2.7,0.384,1.2,2.3,0.515,0.7,1,0.667,0.3,1.5,1.7,1.8,0.5,0.4,0.9,1.5,6.2,"NBA"
"Furkan Korkmaz",5e+06,"G","SG",25,"PHI",37,0,9.5,1.3,3,0.432,0.5,1.2,0.391,0.8,1.8,0.462,0.7,1,0.722,0.2,1,1.1,0.6,0.3,0.1,0.6,0.5,3.8,"NBA"
"Deni Avdija",4916160,"F","SF",22,"WAS",76,40,26.6,3.3,7.6,0.437,0.9,3.1,0.297,2.4,4.6,0.53,1.6,2.2,0.739,1,5.4,6.4,2.8,0.9,0.4,1.6,2.8,9.2,"NBA"
"Davion Mitchell",4833600,"G","PG",24,"SAC",80,9,18.1,2.3,5,0.454,0.8,2.5,0.32,1.5,2.5,0.584,0.3,0.4,0.806,0.2,1.1,1.3,2.3,0.6,0.2,0.8,1.4,5.6,"NBA"
"Johnny Davis",4810320,"G","SG",20,"WAS",28,5,15.1,2.4,6.1,0.386,0.6,2.5,0.243,1.8,3.6,0.485,0.5,1,0.519,0.4,2,2.3,1,0.4,0.3,0.6,1.7,5.8,"NBA"
"Ty Jerome",4728948,"G","SG",25,"GSW",45,2,18.1,2.6,5.4,0.488,0.8,2,0.389,1.8,3.4,0.546,0.8,0.9,0.927,0.2,1.6,1.7,3,0.5,0.1,0.7,1.4,6.9,"NBA"
"Jalen Smith",4670160,"C","C",22,"IND",68,31,18.8,3.6,7.5,0.476,0.8,2.8,0.283,2.8,4.7,0.593,1.5,2,0.759,1.9,3.9,5.8,1,0.3,0.9,1.1,2.3,9.4,"NBA"
"Ziaire Williams",4591680,"F","SF",21,"MEM",37,4,15.2,2.3,5.3,0.429,0.7,2.6,0.258,1.6,2.7,0.596,0.5,0.6,0.773,0.4,1.7,2.1,0.9,0.4,0.2,1,1.6,5.7,"NBA"
"Ousmane Dieng",4569840,"F","PF",19,"OKC",39,1,14.6,1.9,4.6,0.42,0.7,2.5,0.265,1.3,2.1,0.602,0.4,0.6,0.652,0.5,2.2,2.7,1.2,0.4,0.2,0.7,1.1,4.9,"NBA"
"Jeff Green",4500000,"F","PF",36,"DEN",56,4,19.5,2.9,5.9,0.488,0.5,1.9,0.288,2.3,4,0.58,1.6,2.1,0.744,0.7,1.9,2.6,1.2,0.3,0.3,0.8,1.8,7.8,"NBA"
"Donte DiVincenzo",4500000,"G","SG",26,"GSW",72,36,26.3,3.3,7.5,0.435,2.1,5.3,0.397,1.2,2.3,0.525,0.8,1,0.817,1.1,3.4,4.5,3.5,1.3,0.1,1.6,1.8,9.4,"NBA"
"Devin Vassell",4437000,"G","SG",22,"SAS",38,32,31,6.9,15.7,0.439,2.7,7,0.387,4.2,8.7,0.48,2.1,2.6,0.78,0.2,3.7,3.9,3.6,1.1,0.4,1.5,1.5,18.5,"NBA"
"Matisse Thybulle",4379526,"F","SF-SG",25,"PHI/POR",71,28,16.9,1.5,3.6,0.435,0.8,2.1,0.365,0.8,1.5,0.533,0.3,0.4,0.679,0.6,1.4,2,0.7,1.2,0.5,0.3,1.6,4.1,"NBA"
"Jarred Vanderbilt",4374000,"F","PF",23,"LAL/UTA",78,65,24.1,3.2,5.8,0.548,0.4,1.2,0.322,2.8,4.6,0.604,1.2,1.8,0.691,2.2,5.3,7.5,2.4,1.1,0.3,1.2,2.4,7.9,"NBA"
"James Bouknight",4362240,"G","SG",22,"CHO",34,0,15.1,2,5.7,0.358,1,3.2,0.303,1.1,2.5,0.429,0.6,0.9,0.667,0.2,1.9,2.1,1.2,0.4,0.1,0.9,1.4,5.6,"NBA"
"Brandon Clarke",4343919,"F","PF",26,"MEM",56,8,19.5,4.1,6.2,0.656,0,0.1,0.167,4.1,6.1,0.665,1.8,2.4,0.723,1.6,3.9,5.5,1.3,0.6,0.7,1,2.3,10,"NBA"
"Jalen Williams",4341480,"G","SG",21,"OKC",75,62,30.3,5.5,10.6,0.521,1,2.7,0.356,4.5,7.9,0.579,2.1,2.5,0.812,1.1,3.4,4.5,3.3,1.4,0.5,1.6,2.5,14.1,"NBA"
"Grant Williams",4306281,"F","PF",24,"BOS",79,23,25.9,2.7,6,0.454,1.5,3.7,0.395,1.3,2.3,0.546,1.2,1.5,0.77,1.1,3.5,4.6,1.7,0.5,0.4,1,2.4,8.1,"NBA"
"Darius Bazley",4264628,"C","C",22,"OKC/PHO",43,1,14.3,1.9,4.3,0.454,0.5,1.2,0.377,1.5,3,0.485,0.9,1.6,0.543,0.8,2.4,3.2,0.9,0.5,0.8,0.6,1,5.2,"NBA"
"Tyrese Haliburton",4215120,"G","PG",22,"IND",56,56,33.6,7.4,15,0.49,2.9,7.2,0.4,4.5,7.8,0.572,3.1,3.6,0.871,0.6,3.1,3.7,10.4,1.6,0.4,2.5,1.2,20.7,"NBA"
"Nassir Little",4171548,"F","SF",22,"POR",54,4,18.1,2.5,5.6,0.442,1.1,2.9,0.367,1.4,2.7,0.524,0.6,0.9,0.717,0.5,2.1,2.6,0.9,0.4,0.4,0.7,1.2,6.6,"NBA"
"Jalen Duren",4124280,"C","C",19,"DET",67,31,24.9,3.9,5.9,0.648,0,0,0,3.9,5.9,0.652,1.4,2.3,0.611,3.4,5.5,8.9,1.1,0.7,0.9,1.4,2.7,9.1,"NBA"
"Gorgui Dieng",4105236,"C","C",33,"SAS",31,1,11.5,1.5,3.8,0.385,0.7,2.4,0.28,0.8,1.4,0.571,0.3,0.4,0.769,0.9,2.6,3.5,1.7,0.1,0.5,1,1.8,3.9,"NBA"
"Justise Winslow",4097561,"F","PF",26,"POR",29,11,26.8,2.8,6.8,0.409,0.5,1.6,0.311,2.3,5.3,0.438,0.7,1,0.714,1.7,3.3,5,3.4,1,0.4,1.5,3.1,6.8,"NBA"
"Dylan Windler",4037277,"F","SF",26,"CLE",3,0,3.3,0.7,1,0.667,0.3,0.7,0.5,0.3,0.3,1,0,0,NA,0,0,0,0.3,0.3,0,0.3,0,1.7,"NBA"
"Stanley Johnson",4022164,"F","SF",26,"SAS",30,0,15.6,2.2,4.1,0.533,0.6,1.3,0.45,1.6,2.7,0.573,0.9,1.3,0.667,0.7,2.4,3.2,2.2,0.5,0.2,1.1,1.6,5.8,"NBA"
"George Hill",4e+06,"G","PG-SG",36,"MIL/IND",46,1,18.1,1.7,3.6,0.47,0.7,2.1,0.358,1,1.5,0.62,0.9,1.2,0.764,0.3,1.5,1.8,2.4,0.6,0.1,0.7,1.2,5,"NBA"
"Terence Davis",4e+06,"G","SG",25,"SAC",64,5,13.1,2.4,5.7,0.423,1.4,3.8,0.366,1,1.9,0.537,0.5,0.7,0.791,0.3,1.9,2.2,1,0.7,0.2,0.8,1.6,6.7,"NBA"
"Chris Duarte",3936960,"F","SF",25,"IND",46,12,19.5,2.7,7.2,0.369,1.2,3.8,0.316,1.5,3.5,0.428,1.3,1.6,0.847,0.4,2.1,2.5,1.4,0.5,0.2,0.9,1.4,7.9,"NBA"
"Alex Len",3918600,"C","C",29,"SAC",26,2,6.2,0.6,1.2,0.533,0,0.1,0,0.6,1.1,0.571,0.4,0.6,0.688,0.9,1.4,2.3,0.5,0.2,0.4,0.6,1.1,1.7,"NBA"
"Ochai Agbaji",3918360,"G","SG",22,"UTA",59,22,20.5,2.8,6.5,0.427,1.4,3.9,0.355,1.4,2.7,0.532,0.9,1.2,0.812,0.7,1.3,2.1,1.1,0.3,0.3,0.7,1.7,7.9,"NBA"
"Jordan Poole",3901399,"G","PG",23,"GSW",82,43,30,6.7,15.6,0.43,2.6,7.8,0.336,4.1,7.8,0.524,4.4,5.1,0.87,0.4,2.4,2.7,4.5,0.8,0.3,3.1,2.6,20.4,"NBA"
"Keldon Johnson",3873024,"F","SF",23,"SAS",63,63,32.7,8,17.7,0.452,2.1,6.5,0.329,5.9,11.2,0.523,3.9,5.2,0.749,0.9,4.2,5,2.9,0.7,0.2,2.1,2,22,"NBA"
"James Johnson",3841067,"F","PF",35,"IND",18,1,9,1.2,2.7,0.449,0.2,0.8,0.2,1.1,1.9,0.559,0.2,0.4,0.5,0.2,1.4,1.7,0.8,0.4,0.3,0.4,1.8,2.8,"NBA"
"Aaron Nesmith",3804360,"F","SF",23,"IND",73,60,24.9,3.5,8.1,0.427,1.6,4.3,0.366,1.9,3.8,0.496,1.6,1.9,0.838,0.8,2.9,3.8,1.3,0.8,0.5,1,3.2,10.1,"NBA"
"Moses Moody",3740160,"G","SG",20,"GSW",63,3,13,1.7,3.6,0.476,0.8,2.1,0.363,0.9,1.5,0.641,0.6,0.8,0.698,0.4,1.2,1.7,0.8,0.3,0.1,0.5,0.9,4.8,"NBA"
"Mark Williams",3722040,"C","C",21,"CHO",43,17,19.3,3.7,5.8,0.637,0,0,NA,3.7,5.8,0.637,1.6,2.3,0.691,2.2,4.9,7.1,0.4,0.7,1,0.9,2.2,9,"NBA"
"Cole Anthony",3613680,"G","PG",22,"ORL",60,4,25.9,4.6,10.2,0.454,1.3,3.4,0.364,3.4,6.7,0.5,2.5,2.8,0.894,0.8,4,4.8,3.9,0.6,0.5,1.5,2.6,13,"NBA"
"Corey Kispert",3552840,"F","SF",23,"WAS",74,45,28.3,3.9,7.9,0.497,2.2,5.2,0.424,1.7,2.7,0.637,1,1.2,0.852,0.4,2.4,2.8,1.2,0.4,0.1,0.7,1.3,11.1,"NBA"
"AJ Griffin",3536160,"F","SF",19,"ATL",72,12,19.5,3.4,7.4,0.465,1.4,3.6,0.39,2,3.8,0.536,0.6,0.7,0.894,0.5,1.6,2.1,1,0.6,0.2,0.6,1.2,8.9,"NBA"
"Mike Muscala",3500000,"C","C",31,"BOS/OKC",63,9,15,2.1,4.6,0.449,1.3,3.3,0.391,0.8,1.3,0.588,0.6,0.8,0.769,0.6,2.6,3.2,0.8,0.2,0.4,0.4,1.6,6.1,"NBA"
"Georges Niang",3465000,"F","PF",29,"PHI",78,1,19.4,2.8,6.4,0.442,2,4.9,0.401,0.9,1.5,0.576,0.5,0.6,0.867,0.2,2.1,2.4,1,0.4,0.2,0.7,1.9,8.2,"NBA"
"Isaiah Stewart",3433320,"C","C",21,"DET",50,47,28.3,3.9,8.8,0.442,1.3,4.1,0.327,2.6,4.7,0.542,2.2,3,0.738,2.3,5.8,8.1,1.4,0.4,0.7,1.4,2.7,11.3,"NBA"
"Chuma Okeke",3433320,"F","SF",24,"ORL",27,8,19.2,1.6,4.5,0.352,1,3.2,0.302,0.6,1.3,0.472,0.6,0.8,0.762,1,2.6,3.6,1.4,0.7,0.4,0.6,1.5,4.7,"NBA"
"Amir Coffey",3395062,"F","SF",25,"LAC",50,9,12.5,1.1,2.9,0.386,0.2,0.8,0.275,0.9,2.1,0.429,1,1.3,0.778,0.3,0.7,1.1,1.1,0.1,0.1,0.4,1,3.4,"NBA"
"Tari Eason",3359160,"F","PF",21,"HOU",82,5,21.5,3.6,8,0.448,0.7,2.1,0.343,2.9,6,0.486,1.3,1.8,0.752,2.4,3.7,6,1.1,1.2,0.6,1.2,2.3,9.3,"NBA"
"Aleksej Pokusevski",3261480,"F","PF",21,"OKC",34,25,20.6,3.2,7.3,0.434,1.1,3.1,0.365,2.1,4.3,0.483,0.6,1,0.629,1.3,3.4,4.7,1.9,0.6,1.3,1.3,1.7,8.1,"NBA"
"Simone Fontecchio",3205128,"F","SF",27,"UTA",52,6,14.7,2.2,6,0.369,1.2,3.7,0.33,1,2.3,0.43,0.7,0.8,0.795,0.6,1.1,1.7,0.8,0.3,0.2,0.8,1.2,6.3,"NBA"
"Andre Drummond",3200000,"C","C",29,"CHI",67,0,12.7,2.5,4.1,0.606,0,0,0,2.5,4,0.613,1,1.9,0.536,2.1,4.6,6.6,0.5,0.7,0.4,1.1,1.7,6,"NBA"
"Dalen Terry",3191400,"G","SG",20,"CHI",38,0,5.6,0.8,1.9,0.444,0.2,0.7,0.259,0.7,1.2,0.556,0.4,0.6,0.667,0.3,0.7,1,0.6,0.3,0.1,0.2,0.6,2.2,"NBA"
"Sterling Brown",3122602,"F","SF",27,"LAL",4,0,6,0,1,0,0,0.5,0,0,0.5,0,0,0,NA,0.8,1.3,2,0.5,0.8,0,0,1,0,"NBA"
"Josh Green",3098400,"G","SG",22,"DAL",60,21,25.7,3.4,6.4,0.537,1.1,2.8,0.402,2.3,3.6,0.643,1.1,1.6,0.723,0.9,2.1,3,1.7,0.7,0.1,1.2,2.6,9.1,"NBA"
"Jake LaRavia",3047640,"F","PF",21,"MEM",35,0,11.8,1.1,2.7,0.389,0.7,2,0.338,0.4,0.7,0.542,0.2,0.3,0.778,0.5,1.3,1.8,0.6,0.3,0.1,0.5,1.4,3,"NBA"
"Tre Mann",3046200,"G","PG",21,"OKC",67,5,17.7,2.9,7.5,0.393,1.2,3.8,0.315,1.7,3.6,0.475,0.6,0.8,0.764,0.4,1.9,2.3,1.8,0.6,0.2,0.9,1.5,7.7,"NBA"
"Kevin Knox",3e+06,"F","SF-PF",23,"DET/POR",63,5,15.1,2.4,5.3,0.458,1,3,0.349,1.4,2.3,0.596,0.7,1,0.767,0.5,2.3,2.8,0.5,0.4,0.2,0.8,1.5,6.6,"NBA"
"Saddiq Bey",2959080,"F","SF",23,"DET/ATL",77,37,27.6,4.6,10.9,0.422,2,5.4,0.361,2.6,5.4,0.483,2.7,3.1,0.861,1.3,3.4,4.7,1.5,0.9,0.2,0.9,1.6,13.8,"NBA"
"Malaki Branham",2925600,"G","SG",19,"SAS",66,32,23.5,4.1,9.3,0.44,1.2,3.9,0.302,2.9,5.4,0.539,0.9,1.1,0.829,0.4,2.3,2.7,1.9,0.5,0.1,1.2,1.7,10.2,"NBA"
"Joe Wieskamp",2909261,"F","SF",23,"TOR",9,0,5.6,0.3,1.6,0.214,0.3,1.3,0.25,0,0.2,0,0,0,NA,0,0.4,0.4,0.3,0,0,0.1,0.3,1,"NBA"
"Kai Jones",2909040,"C","C",22,"CHO",46,0,12,1.5,2.6,0.558,0.1,0.4,0.211,1.4,2.2,0.624,0.4,0.6,0.731,0.8,1.9,2.7,0.3,0.4,0.7,0.7,1.4,3.4,"NBA"
"Blake Griffin",2905851,"C","C",33,"BOS",41,16,13.9,1.5,3.2,0.485,0.6,1.6,0.348,1,1.6,0.625,0.5,0.8,0.656,1.1,2.6,3.8,1.5,0.3,0.2,0.5,1.8,4.1,"NBA"
"Robin Lopez",2905851,"C","C",34,"CLE",37,2,8.1,1.3,2,0.64,0.1,0.1,0.5,1.2,1.9,0.648,0.4,0.5,0.778,0.6,0.8,1.4,0.5,0.1,0.2,0.7,1.2,3,"NBA"
"Markieff Morris",2905851,"F","PF",33,"BRK/DAL",35,2,10.1,1.3,3.3,0.409,0.8,2,0.394,0.5,1.3,0.432,0.3,0.3,1,0.4,1.7,2,0.9,0.3,0.1,0.5,1.4,3.8,"NBA"
"Andre Iguodala",2905851,"F","PF",39,"GSW",8,0,14.1,0.9,1.9,0.467,0.1,1.1,0.111,0.8,0.8,1,0.3,0.4,0.667,0.4,1.8,2.1,2.4,0.5,0.4,1.1,1.4,2.1,"NBA"
"Serge Ibaka",2905851,"C","C",33,"MIL",16,0,11.6,1.6,3.4,0.481,0.4,1.1,0.333,1.3,2.3,0.556,0.5,0.8,0.615,0.9,1.8,2.8,0.3,0.1,0.4,0.7,1.4,4.1,"NBA"
"Udonis Haslem",2905851,"C","C",42,"MIA",7,1,10.1,1.4,4.1,0.345,0.4,1.3,0.333,1,2.9,0.35,0.6,0.7,0.8,0.6,1,1.6,0,0.1,0.3,0.1,1.6,3.9,"NBA"
"Wesley Matthews",2905851,"F","SF",36,"MIL",52,0,15.8,1.1,3.1,0.363,0.8,2.4,0.315,0.4,0.7,0.528,0.5,0.5,0.857,0.7,1.5,2.2,0.7,0.4,0.3,0.3,1.4,3.4,"NBA"
"Austin Rivers",2905851,"G","SG",30,"MIN",52,10,19.5,1.8,4,0.435,0.8,2.4,0.35,0.9,1.7,0.558,0.6,0.8,0.769,0.1,1.5,1.6,1.4,0.5,0.1,0.4,1.5,4.9,"NBA"
"Bismack Biyombo",2905851,"C","C",30,"PHO",61,14,14.3,2,3.4,0.578,0,0,NA,2,3.4,0.578,0.4,1.1,0.357,1.5,2.8,4.3,0.9,0.3,1.4,0.8,1.9,4.3,"NBA"
"Taj Gibson",2905851,"C","C",37,"WAS",49,2,9.8,1.3,2.6,0.52,0.2,0.5,0.333,1.2,2.1,0.564,0.6,0.9,0.714,0.7,1.2,1.9,0.7,0.3,0.2,0.5,1.7,3.4,"NBA"
"Precious Achiuwa",2840160,"C","C",23,"TOR",55,12,20.7,3.6,7.3,0.485,0.5,2,0.269,3,5.4,0.564,1.6,2.3,0.702,1.8,4.1,6,0.9,0.6,0.5,1.1,1.9,9.2,"NBA"
"Christian Braun",2808600,"G","SG",21,"DEN",76,6,15.5,1.9,3.8,0.495,0.4,1.3,0.354,1.4,2.5,0.565,0.5,0.8,0.625,0.6,1.8,2.4,0.8,0.5,0.2,0.5,1.3,4.7,"NBA"
"Jordan Nwora",2800000,"F","SF",24,"MIL/IND",62,14,19.2,3.1,7.2,0.436,1.4,3.4,0.408,1.7,3.8,0.462,1.1,1.4,0.791,0.8,2.9,3.7,1.4,0.4,0.2,1.1,1.2,8.7,"NBA"
"Jalen Johnson",2792640,"F","SF",21,"ATL",70,6,14.9,2.3,4.6,0.491,0.4,1.5,0.288,1.8,3.1,0.587,0.7,1.1,0.628,0.7,3.3,4,1.2,0.5,0.5,0.6,1.6,5.6,"NBA"
"Tyrese Maxey",2726880,"G","SG",22,"PHI",60,41,33.6,7.3,15.2,0.481,2.7,6.2,0.434,4.7,9.1,0.513,3,3.6,0.845,0.4,2.6,2.9,3.5,0.8,0.1,1.3,2.2,20.3,"NBA"
"Bruno Fernando",2717391,"C","C",24,"HOU/ATL",39,4,10.4,1.5,2.9,0.527,0,0.1,0,1.5,2.8,0.546,0.9,1.3,0.7,1.4,2.1,3.5,0.8,0.2,0.9,0.6,1.9,3.9,"NBA"
"Walker Kessler",2696400,"C","C",21,"UTA",74,40,23,4,5.6,0.72,0,0,0.333,4,5.6,0.723,1.1,2.1,0.516,3.1,5.3,8.4,0.9,0.4,2.3,0.8,2.3,9.2,"NBA"
"Keon Johnson",2681040,"G","SG",20,"POR",40,0,10.4,1.7,4.5,0.376,0.7,2,0.346,1,2.4,0.402,0.7,1,0.659,0.3,0.8,1.1,1.5,0.5,0.2,1.1,1.1,4.7,"NBA"
"Charles Bassey",2674742,"C","C",22,"SAS",35,2,14.5,2.5,3.9,0.644,0.1,0.2,0.375,2.4,3.6,0.661,0.6,1.1,0.595,2.1,3.4,5.5,1.3,0.5,0.9,1.2,2.1,5.7,"NBA"
"Matthew Dellavedova",2628597,"G","PG",32,"SAC",32,0,6.7,0.5,1.6,0.34,0.3,0.8,0.333,0.3,0.7,0.348,0.1,0.2,0.571,0,0.4,0.4,1.3,0.2,0,0.3,0.6,1.5,"NBA"
"Trey Lyles",2625000,"F","PF",27,"SAC",74,0,16.9,2.5,5.5,0.458,1.2,3.2,0.363,1.4,2.3,0.595,1.4,1.7,0.815,0.9,3.1,4.1,0.9,0.4,0.4,0.9,1.3,7.6,"NBA"
"Zeke Nnaji",2617800,"F","PF",22,"DEN",53,5,13.7,2.1,3.7,0.561,0.3,1.2,0.262,1.8,2.5,0.71,0.8,1.2,0.645,1.2,1.4,2.6,0.3,0.3,0.4,0.6,2,5.2,"NBA"
"David Roddy",2588640,"F","PF",21,"MEM",70,4,18,2.6,6,0.429,0.9,3,0.307,1.6,3,0.553,0.6,0.9,0.631,0.7,2,2.8,0.8,0.4,0.3,0.8,1.5,6.7,"NBA"
"Isaiah Jackson",2573760,"C","C",21,"IND",63,12,16.5,2.8,5,0.563,0,0.2,0.143,2.8,4.8,0.582,1.5,2.3,0.651,1.8,2.7,4.5,0.8,0.5,1.5,0.8,2.4,7.2,"NBA"
"MarJon Beauchamp",2485200,"F","SF",22,"MIL",52,11,13.5,1.8,4.7,0.395,0.9,2.7,0.331,0.9,1.9,0.485,0.5,0.7,0.73,0.7,1.5,2.2,0.7,0.4,0.1,0.9,1.4,5.1,"NBA"
"Usman Garuba",2471160,"C","C",20,"HOU",75,1,12.9,1.1,2.4,0.486,0.3,0.8,0.407,0.8,1.6,0.525,0.4,0.6,0.617,1.6,2.5,4.1,0.9,0.6,0.4,0.6,1.8,3,"NBA"
"Raul Neto",2463490,"G","PG",30,"CLE",48,1,10.5,1.2,2.3,0.518,0.3,0.9,0.286,0.9,1.4,0.662,0.6,0.7,0.912,0.2,0.8,1,1.6,0.4,0.1,0.5,1,3.3,"NBA"
"Frank Kaminsky",2463490,"C","C",29,"HOU/ATL",36,0,6.5,0.9,1.8,0.492,0.4,0.9,0.394,0.5,0.8,0.6,0.4,0.4,0.875,0.2,1.3,1.4,0.9,0.2,0.1,0.3,0.6,2.5,"NBA"
"Montrezl Harrell",2463490,"C","C",29,"PHI",57,7,11.9,2.2,3.7,0.598,0,0.1,0,2.2,3.6,0.616,1.2,1.8,0.693,1.2,1.6,2.8,0.6,0.3,0.4,0.6,1.3,5.6,"NBA"
"Blake Wesley",2385480,"G","SG",19,"SAS",37,1,18.1,1.9,5.8,0.321,0.5,1.4,0.385,1.3,4.4,0.301,0.7,1.2,0.591,0.3,1.9,2.2,2.7,0.7,0.1,1.8,1.8,5,"NBA"
"Josh Christopher",2372160,"G","SG",21,"HOU",64,2,12.3,2.4,5.1,0.465,0.3,1.4,0.236,2.1,3.8,0.55,0.7,0.9,0.75,0.3,0.8,1.1,1.1,0.5,0.2,0.9,0.9,5.8,"NBA"
"Isaiah Roby",2330681,"F","PF",24,"SAS",42,2,11.3,1.6,3.7,0.432,0.4,1.4,0.3,1.2,2.3,0.516,0.5,1,0.488,0.5,2,2.5,0.9,0.4,0.2,0.7,1.3,4.1,"NBA"
"Lindy Waters III",2316876,"G","SG",25,"OKC",41,0,13,1.7,4.3,0.393,1.4,4,0.358,0.3,0.4,0.75,0.4,0.5,0.8,0.4,1.4,1.8,0.7,0.3,0.3,0.2,1,5.2,"NBA"
"Immanuel Quickley",2316240,"G","SG",23,"NYK",81,21,28.9,5.2,11.6,0.448,2.1,5.6,0.37,3.1,6,0.521,2.5,3.1,0.819,0.7,3.4,4.2,3.4,1,0.2,1.2,2,14.9,"NBA"
"John Konchar",2300000,"F","SF",26,"MEM",72,23,20.8,1.9,4.4,0.431,0.8,2.5,0.339,1.1,2,0.545,0.4,0.5,0.778,0.9,3.4,4.3,1.4,1.1,0.3,0.5,1.6,5.1,"NBA"
"Rodney McGruder",2298385,"G","SG",31,"DET",32,12,16.4,1.9,4.8,0.408,1.3,3,0.423,0.7,1.7,0.382,0.6,0.7,0.818,0.6,1.7,2.3,0.9,0.5,0,0.3,1.2,5.7,"NBA"
"Bryn Forbes",2298385,"G","SG",29,"MIN",25,0,10.7,1.2,3.3,0.361,0.6,1.8,0.304,0.6,1.5,0.432,0.6,0.6,1,0.2,0.4,0.6,0.7,0.3,0.1,0.5,0.9,3.6,"NBA"
"Damian Jones",2298385,"C","C",27,"LAL/UTA",41,1,11.6,1.3,2.1,0.64,0.2,0.4,0.588,1.1,1.7,0.652,0.5,0.7,0.759,1,2,3,0.4,0.2,0.5,0.6,1.3,3.5,"NBA"
"Quentin Grimes",2277000,"G","SG",22,"NYK",71,66,29.9,4,8.5,0.468,2.2,5.7,0.386,1.8,2.7,0.641,1.1,1.4,0.796,0.7,2.5,3.2,2.1,0.7,0.4,1,2.5,11.3,"NBA"
"Saben Lee",2266640,"G","PG",23,"PHI/PHO",25,1,14.9,2,4.8,0.405,0.4,1.2,0.367,1.5,3.6,0.418,1.7,2.3,0.737,0.5,1.3,1.8,2.7,0.8,0,1,1.3,6,"NBA"
"Andrew Nembhard",2244111,"G","SG",23,"IND",75,63,27.6,3.8,8.6,0.441,1.2,3.5,0.35,2.6,5.1,0.504,0.7,0.8,0.79,0.5,2.2,2.7,4.5,0.9,0.2,1.7,2.4,9.5,"NBA"
"Payton Pritchard",2239200,"G","PG",25,"BOS",48,3,13.4,2.1,5.1,0.412,1.2,3.2,0.364,0.9,1.9,0.495,0.3,0.3,0.75,0.5,1.3,1.8,1.3,0.3,0,0.8,0.8,5.6,"NBA"
"Bones Hyland",2201520,"G","PG",22,"DEN/LAC",56,1,19.4,4.1,10.2,0.399,2.1,5.6,0.371,2,4.6,0.434,1.5,1.8,0.843,0.4,2.1,2.4,3.1,0.7,0.3,1.5,1.7,11.8,"NBA"
"Bol Bol",2200000,"F","PF",23,"ORL",70,33,21.5,3.7,6.8,0.546,0.4,1.6,0.265,3.3,5.2,0.633,1.2,1.5,0.759,1,4.8,5.8,1,0.4,1.2,1.6,1.3,9.1,"NBA"
"Peyton Watson",2193960,"G","SG",20,"DEN",23,2,8.1,1.3,2.6,0.492,0.3,0.6,0.429,1,2,0.511,0.5,0.9,0.55,0.3,1.3,1.6,0.5,0.1,0.5,0.3,0.6,3.3,"NBA"
"Udoka Azubuike",2174880,"C","C",23,"UTA",36,4,10,1.6,2,0.819,0,0,NA,1.6,2,0.819,0.2,0.6,0.35,0.9,2.4,3.3,0.3,0.2,0.4,0.5,0.9,3.5,"NBA"
"Jaden McDaniels",2161440,"F","SF",22,"MIN",79,79,30.6,4.7,9.1,0.517,1.4,3.4,0.398,3.3,5.7,0.588,1.3,1.8,0.736,1.2,2.7,3.9,1.9,0.9,1,1.4,3.4,12.1,"NBA"
"Jordan McLaughlin",2160000,"G","PG",26,"MIN",43,0,15.8,1.4,3.4,0.421,0.6,1.8,0.308,0.9,1.6,0.552,0.3,0.4,0.833,0.3,1.1,1.4,3.4,0.7,0.1,0.8,0.7,3.7,"NBA"
"Malachi Flynn",2145720,"G","PG",24,"TOR",53,2,13,1.6,4.6,0.36,0.9,2.5,0.353,0.8,2.1,0.367,0.5,0.6,0.758,0.3,1.2,1.4,1.3,0.4,0.1,0.5,1.2,4.6,"NBA"
"Cam Thomas",2138160,"G","SG",21,"BRK",57,4,16.6,3.5,8,0.441,0.9,2.3,0.383,2.6,5.7,0.464,2.6,3.1,0.868,0.1,1.5,1.7,1.4,0.4,0.1,1.1,1,10.6,"NBA"
"Luke Kornet",2133278,"C","C",27,"BOS",69,0,11.7,1.6,2.5,0.665,0,0.2,0.231,1.6,2.3,0.701,0.5,0.6,0.821,1.2,1.6,2.9,0.8,0.2,0.7,0.4,1.2,3.8,"NBA"
"Damion Lee",2133278,"G","SG",30,"PHO",74,5,20.4,2.7,6.1,0.442,1.5,3.3,0.445,1.2,2.8,0.439,1.3,1.4,0.904,0.5,2.5,3,1.3,0.4,0.1,1.1,1.6,8.2,"NBA"
"Juan Toscano-Anderson",2133278,"F","SF",29,"LAL/UTA",52,9,13.5,1.2,2.8,0.448,0.2,0.8,0.186,1.1,1.9,0.56,0.4,0.5,0.792,0.5,1.8,2.4,1.3,0.3,0.2,0.7,1.5,3,"NBA"
"Desmond Bane",2130240,"G","SG",24,"MEM",58,58,31.7,7.8,16.2,0.479,2.9,7,0.408,4.9,9.2,0.534,3.1,3.5,0.883,0.7,4.3,5,4.4,1,0.4,2.2,2.6,21.5,"NBA"
"Jaden Springer",2125200,"G","SG",20,"PHI",16,2,5.6,1.1,2.2,0.486,0.1,0.3,0.4,0.9,1.9,0.5,0.4,0.5,0.75,0.4,0.5,0.9,0.5,0.4,0.2,0.2,0.9,2.6,"NBA"
"Day'Ron Sharpe",2109480,"C","C",21,"BRK",48,3,11.5,1.9,3.6,0.544,0.1,0.2,0.545,1.8,3.3,0.544,0.7,1.1,0.636,2.1,2.1,4.2,0.8,0.3,0.7,0.9,1.9,4.7,"NBA"
"Tony Bradley",2036318,"C","C",25,"CHI",12,0,2.8,0.5,1,0.5,0.3,0.4,0.6,0.3,0.6,0.429,0.3,0.3,1,0.1,0.8,0.9,0.1,0.1,0.1,0.1,0.2,1.6,"NBA"
"Frank Ntilikina",2036318,"G","SG",24,"DAL",47,5,12.9,1,2.8,0.364,0.4,1.4,0.254,0.7,1.4,0.477,0.5,0.7,0.667,0.1,1.2,1.3,1.2,0.3,0.1,0.6,1.4,2.9,"NBA"
"Garrison Mathews",2e+06,"G","SG",26,"HOU/ATL",54,0,12.7,1.4,3.7,0.363,1.2,3.3,0.35,0.2,0.4,0.476,0.9,1,0.906,0.2,1.1,1.4,0.5,0.4,0.1,0.4,1.1,4.8,"NBA"
"Jaylin Williams",2e+06,"C","C",20,"OKC",49,36,18.7,2.1,4.8,0.436,0.9,2.3,0.407,1.1,2.5,0.463,0.8,1.1,0.704,0.9,4,4.9,1.6,0.6,0.2,0.8,2.3,5.9,"NBA"
"Jeremiah Robinson-Earl",2e+06,"F","PF",22,"OKC",43,20,18.9,2.6,5.8,0.444,0.9,2.6,0.333,1.7,3.2,0.533,0.8,1,0.833,1.7,2.5,4.2,1,0.6,0.3,0.4,1.7,6.8,"NBA"
"Kenrich Williams",2e+06,"F","PF",28,"OKC",53,10,22.8,3.4,6.5,0.517,0.9,2.5,0.373,2.4,4,0.608,0.3,0.7,0.436,1.8,3.1,4.9,2,0.8,0.3,0.6,2.1,8,"NBA"
"Caleb Houstan",2e+06,"F","SF",20,"ORL",51,4,15.9,1.3,3.6,0.363,0.9,2.7,0.338,0.4,0.9,0.435,0.3,0.4,0.833,0.7,1.3,1.9,0.6,0.2,0.1,0.4,1.2,3.8,"NBA"
"Shake Milton",1997718,"G","SG",26,"PHI",76,11,20.6,3.2,6.6,0.479,0.7,1.9,0.378,2.4,4.7,0.521,1.3,1.5,0.853,0.5,2,2.5,3.2,0.3,0.2,1.2,1.6,8.4,"NBA"
"Aaron Holiday",1968175,"G","PG",26,"ATL",63,6,13.4,1.5,3.5,0.418,0.6,1.4,0.409,0.9,2.1,0.424,0.4,0.5,0.844,0.4,0.8,1.2,1.4,0.6,0.2,0.6,1.3,3.9,"NBA"
"Yuta Watanabe",1968175,"F","SF",28,"BRK",58,1,16,2,4,0.491,1,2.3,0.444,0.9,1.7,0.557,0.6,0.8,0.723,0.5,1.9,2.4,0.8,0.4,0.3,0.4,1.4,5.6,"NBA"
"Edmond Sumner",1968175,"G","SG",27,"BRK",53,12,13.9,2.3,5.1,0.461,0.6,1.6,0.356,1.8,3.4,0.511,1.9,2,0.917,0.2,1.2,1.5,1.3,0.6,0.2,0.9,1.6,7.1,"NBA"
"Theo Pinson",1968175,"G","SG",27,"DAL",40,1,8.1,0.8,2.2,0.356,0.6,1.6,0.355,0.2,0.6,0.36,0.3,0.3,0.846,0.3,1.3,1.6,1.2,0.2,0,0.3,0.9,2.4,"NBA"
"Thomas Bryant",1968175,"C","C",25,"DEN/LAL",59,26,18.3,3.9,6.3,0.623,0.4,1,0.441,3.5,5.3,0.658,1.6,2.1,0.738,1.5,4.3,5.7,0.5,0.3,0.5,0.6,1.7,9.8,"NBA"
"Josh Okogie",1968175,"G","SG",24,"PHO",72,26,18.8,2.3,5.8,0.391,0.9,2.7,0.335,1.3,3,0.442,1.9,2.7,0.724,1.5,2,3.5,1.5,0.8,0.5,0.9,1.6,7.3,"NBA"
"Drew Eubanks",1968175,"C","C",25,"POR",78,28,20.3,2.7,4.3,0.641,0.1,0.2,0.389,2.7,4.1,0.655,1.1,1.6,0.664,1.7,3.7,5.4,1.3,0.5,1.3,0.9,2.2,6.6,"NBA"
"Dean Wade",1930681,"F","PF",26,"CLE",44,13,20.3,1.7,4,0.412,1,2.9,0.354,0.6,1.1,0.56,0.3,0.5,0.652,0.5,3,3.4,0.8,0.6,0.5,0.4,2,4.7,"NBA"
"Terance Mann",1930681,"G","SG",26,"LAC",81,36,23.1,3.4,6.5,0.519,1,2.4,0.389,2.4,4,0.598,1.1,1.5,0.78,1,2.5,3.4,2.3,0.5,0.3,1,1.8,8.8,"NBA"
"Jaylen Nowell",1930681,"G","SG",23,"MIN",65,2,19.3,4.3,9.6,0.448,1,3.6,0.289,3.3,6,0.542,1.2,1.5,0.778,0.6,2.1,2.6,2,0.6,0.1,1,1.6,10.8,"NBA"
"Naz Reid",1930681,"C","C",23,"MIN",68,11,18.4,4.6,8.5,0.537,1.1,3.2,0.346,3.5,5.3,0.653,1.3,1.9,0.677,1.1,3.8,4.9,1.1,0.6,0.8,1.4,2.6,11.5,"NBA"
"Jalen McDaniels",1930681,"F","SF",25,"PHI/CHO",80,24,23.9,3.5,7.7,0.455,1,2.9,0.332,2.6,4.8,0.53,1.5,1.7,0.841,0.8,3.5,4.3,1.6,1,0.4,1.2,2.6,9.4,"NBA"
"Daniel Gafford",1930681,"C","C",24,"WAS",78,47,20.6,3.7,5.1,0.732,0,0,NA,3.7,5.1,0.732,1.6,2.4,0.679,2.1,3.5,5.6,1.1,0.4,1.3,1.1,2.4,9,"NBA"
"Chimezie Metu",1910860,"F","PF",25,"SAC",66,0,10.4,2,3.3,0.589,0.1,0.6,0.237,1.8,2.7,0.663,0.8,1.1,0.74,0.7,2.3,3,0.6,0.3,0.3,0.5,1.2,4.9,"NBA"
"Davon Reed",1902133,"G","SG",27,"DEN/LAL",43,1,8,0.7,2,0.333,0.4,1.1,0.37,0.3,0.9,0.289,0.4,0.6,0.667,0.2,1.1,1.4,0.5,0.3,0.1,0.5,0.9,2.1,"NBA"
"KZ Okpala",1902133,"F","PF",23,"SAC",35,3,7.1,0.5,1.1,0.421,0.2,0.6,0.333,0.3,0.5,0.529,0.2,0.2,0.875,0.2,0.8,1,0.4,0.2,0.2,0.2,1.1,1.3,"NBA"
"Wenyen Gabriel",1878720,"C","C",25,"LAL",68,2,15.1,2.3,3.8,0.596,0.1,0.5,0.278,2.1,3.3,0.647,0.8,1.2,0.619,1.7,2.5,4.2,0.5,0.4,0.5,0.7,2.1,5.5,"NBA"
"Thanasis Antetokounmpo",1878720,"F","PF",30,"MIL",37,0,5.6,0.5,1.2,0.435,0,0.2,0,0.5,1,0.526,0.3,0.6,0.5,0.4,0.8,1.2,0.4,0.1,0.1,0.3,0.6,1.4,"NBA"
"Moritz Wagner",1878720,"C","C",25,"ORL",57,18,19.5,3.5,6.9,0.5,0.9,2.9,0.313,2.6,4.1,0.631,2.7,3.2,0.841,1.2,3.3,4.5,1.5,0.6,0.2,1.2,2.4,10.5,"NBA"
"Keita Bates-Diop",1878720,"F","PF",27,"SAS",67,42,21.7,3.5,6.9,0.508,0.8,2.1,0.394,2.7,4.8,0.557,1.8,2.2,0.793,1,2.7,3.7,1.5,0.7,0.3,0.8,0.9,9.7,"NBA"
"Oshae Brissett",1846738,"F","PF",24,"IND",65,2,16.7,1.9,4.9,0.386,0.7,2.4,0.31,1.2,2.5,0.457,1.6,2.2,0.717,1,2.4,3.4,0.7,0.5,0.2,0.5,1.2,6.1,"NBA"
"Nathan Knight",1836090,"C","C",25,"MIN",38,0,7.7,1.2,2.1,0.568,0.2,0.6,0.364,1,1.6,0.644,1,1.5,0.684,0.6,0.9,1.5,0.3,0.3,0.2,0.6,1.1,3.7,"NBA"
"Justin Jackson",1836090,"F","SF",27,"BOS",23,0,4.7,0.3,1.2,0.259,0.2,0.9,0.25,0.1,0.3,0.286,0,0.1,0.5,0.1,0.7,0.7,0.4,0.2,0.2,0.1,0.3,0.9,"NBA"
"Isaiah Joe",1836090,"G","SG",23,"OKC",73,10,19.1,3.1,7,0.441,2.2,5.4,0.409,0.9,1.6,0.553,1.1,1.4,0.82,0.4,2,2.4,1.2,0.7,0.1,0.5,1.4,9.5,"NBA"
"Ryan Arcidiacono",1836090,"G","PG",28,"NYK/POR",20,4,8.6,0.5,1.9,0.243,0.4,1.2,0.348,0.1,0.7,0.071,0,0,NA,0,0.8,0.8,1.2,0.3,0,0.4,0.9,1.3,"NBA"
"Anthony Gill",1836090,"F","PF",30,"WAS",59,8,10.6,1.2,2.2,0.538,0.1,0.5,0.138,1.1,1.7,0.65,0.8,1.1,0.731,0.6,1.1,1.7,0.6,0.1,0.2,0.3,1.2,3.3,"NBA"
"Javonte Green",1815677,"F","SF",29,"CHI",32,1,15,1.9,3.4,0.565,0.4,1.1,0.371,1.5,2.3,0.658,0.9,1.4,0.667,0.8,1.9,2.8,0.7,0.8,0.7,0.6,1.6,5.2,"NBA"
"Gabe Vincent",1815677,"G","PG",26,"MIA",68,34,25.9,3.4,8.3,0.402,1.7,5.1,0.334,1.6,3.2,0.512,1,1.1,0.872,0.4,1.7,2.1,2.5,0.9,0.1,1.4,2.3,9.4,"NBA"
"Max Strus",1815677,"F","SF",26,"MIA",80,33,28.4,4.1,9.9,0.41,2.5,7,0.35,1.6,2.8,0.559,1,1.1,0.876,0.6,2.6,3.2,2.1,0.5,0.2,0.9,2.1,11.5,"NBA"
"Nick Richards",1782621,"C","C",25,"CHO",65,9,18.7,3,4.8,0.629,0,0,1,3,4.8,0.628,2.1,2.8,0.749,2.3,4.1,6.4,0.6,0.2,1.1,0.9,2.4,8.2,"NBA"
"Lamar Stevens",1782621,"F","SF",25,"CLE",62,25,18.1,2.1,4.6,0.448,0.5,1.5,0.316,1.6,3.1,0.513,0.6,0.9,0.702,0.8,2.6,3.3,0.5,0.4,0.3,0.4,1.3,5.3,"NBA"
"Naji Marshall",1782621,"F","SF",25,"NOP",77,21,23.3,3.2,7.4,0.433,0.9,2.8,0.303,2.4,4.6,0.513,1.8,2.3,0.789,0.6,3,3.6,2.5,0.7,0.2,1.3,1.5,9.1,"NBA"
"Paul Reed",1782621,"C","C",23,"PHI",69,2,10.9,1.8,3,0.593,0,0.1,0.167,1.8,2.9,0.606,0.6,0.7,0.745,1.6,2.2,3.8,0.4,0.7,0.7,0.7,1.8,4.2,"NBA"
"Tre Jones",1782621,"G","PG",23,"SAS",68,65,29.2,5,10.9,0.459,0.7,2.3,0.285,4.4,8.6,0.506,2.2,2.5,0.86,0.8,2.8,3.6,6.6,1.3,0.1,1.6,1.4,12.9,"NBA"
"Haywood Highsmith",1752638,"F","PF",26,"MIA",54,11,17.9,1.7,4,0.431,0.7,2,0.339,1,2,0.523,0.2,0.5,0.464,1.1,2.4,3.5,0.8,0.7,0.3,0.8,1.5,4.4,"NBA"
"Omer Yurtseven",1752638,"C","C",24,"MIA",9,0,9.2,1.8,3,0.593,0.3,0.8,0.429,1.4,2.2,0.65,0.6,0.7,0.833,0.9,1.7,2.6,0.2,0.2,0.2,0.4,1.8,4.4,"NBA"
"Leandro Bolmaro",1709300,"F","SF",22,"UTA",14,0,4.9,0.2,1.4,0.15,0,0.3,0,0.2,1.1,0.188,0,0,NA,0.3,0.2,0.5,0.5,0.2,0.1,0.5,0.7,0.4,"NBA"
"Terry Taylor",1703902,"F","PF",23,"CHI/IND",31,2,8.5,1.3,2.4,0.52,0.2,0.6,0.263,1.1,1.8,0.607,0.2,0.4,0.545,0.9,0.6,1.5,0.3,0.1,0.2,0.3,0.8,2.9,"NBA"
"Jared Butler",1674655,"G","PG",22,"OKC",6,1,12.8,2.5,5.3,0.469,1.2,2.3,0.5,1.3,3,0.444,0,0,NA,0.2,0.5,0.7,1.3,0.8,0,0.8,0.8,6.2,"NBA"
"Jericho Sims",1639842,"C","C",24,"NYK",52,16,15.6,1.6,2.1,0.776,0,0,0,1.6,2,0.783,0.2,0.3,0.75,1.9,2.8,4.7,0.5,0.3,0.5,0.5,1.8,3.4,"NBA"
"Sam Hauser",1637966,"F","SF",25,"BOS",80,8,16.1,2.3,5,0.455,1.8,4.2,0.418,0.5,0.8,0.656,0.2,0.2,0.706,0.4,2.1,2.6,0.9,0.4,0.3,0.4,1.2,6.4,"NBA"
"Kessler Edwards",1637966,"F","SF",22,"BRK/SAC",36,4,10.7,1,2.6,0.387,0.5,1.5,0.309,0.5,1.1,0.5,0.3,0.4,0.733,0.6,1.1,1.7,0.6,0.4,0.2,0.4,1.1,2.8,"NBA"
"Isaiah Todd",1575000,"F","PF",21,"WAS",6,1,10.2,0.5,3.2,0.158,0.2,1.7,0.1,0.3,1.5,0.222,0.3,0.3,1,0.3,1.7,2,0.7,0.2,0,0.3,0.7,1.5,"NBA"
"Vit Krejci",1563518,"G","PG",22,"ATL",29,0,5.7,0.5,1.3,0.405,0.2,0.7,0.238,0.3,0.6,0.625,0,0.1,0.5,0.2,0.7,0.9,0.6,0.2,0,0.2,0.6,1.2,"NBA"
"JT Thor",1563518,"F","PF",20,"CHO",69,8,14,1.4,3.4,0.399,0.6,1.8,0.317,0.8,1.7,0.487,0.5,0.7,0.702,0.5,1.7,2.2,0.5,0.3,0.3,0.6,1,3.8,"NBA"
"Marko Simonovic",1563518,"C","C",23,"CHI",7,0,2.9,0.3,1,0.286,0.1,0.6,0.25,0.1,0.4,0.333,0.1,0.3,0.5,0.1,0.1,0.3,0,0,0,0,0.7,0.9,"NBA"
"Ayo Dosunmu",1563518,"G","SG",23,"CHI",80,51,26.2,3.5,7.1,0.493,0.7,2.4,0.312,2.8,4.8,0.583,0.8,1,0.805,0.6,2.2,2.8,2.6,0.8,0.3,1.2,2.3,8.6,"NBA"
"Isaiah Livers",1563518,"F","PF",24,"DET",52,22,23.1,2.3,5.5,0.417,1.4,3.9,0.365,0.9,1.6,0.541,0.6,0.8,0.821,0.5,2.2,2.8,0.8,0.5,0.5,0.6,2,6.7,"NBA"
"Daishen Nix",1563518,"G","PG",20,"HOU",57,7,16,1.4,4.2,0.342,0.7,2.5,0.286,0.7,1.7,0.423,0.4,0.6,0.667,0.3,1.4,1.7,2.3,0.5,0.1,1.5,1,4,"NBA"
"Jason Preston",1563518,"G","PG",23,"LAC",14,0,8.9,1.3,2.9,0.439,0.4,1.3,0.278,0.9,1.6,0.565,0,0.1,0,0.1,1.4,1.6,1.9,0.1,0,0.7,0.5,2.9,"NBA"
"Austin Reaves",1563518,"G","SG",24,"LAL",64,22,28.8,4,7.7,0.529,1.3,3.4,0.398,2.7,4.3,0.631,3.6,4.1,0.864,0.5,2.5,3,3.4,0.5,0.3,1.5,1.7,13,"NBA"
"Jose Alvarado",1563518,"G","PG",24,"NOP",61,10,21.5,3.3,8,0.411,1.4,4,0.336,1.9,4,0.488,1.1,1.3,0.813,0.5,1.9,2.3,3,1.1,0.2,1.3,2,9,"NBA"
"Miles McBride",1563518,"G","PG",22,"NYK",64,2,11.9,1.2,3.4,0.358,0.6,2.1,0.299,0.6,1.3,0.457,0.4,0.7,0.667,0.2,0.6,0.8,1.1,0.6,0.1,0.4,0.9,3.5,"NBA"
"Aaron Wiggins",1563518,"G","SG",24,"OKC",70,14,18.5,2.7,5.2,0.512,0.7,1.7,0.393,2,3.4,0.573,0.8,1,0.831,1,2,3,1.1,0.6,0.2,0.8,1.6,6.8,"NBA"
"Jock Landale",1563518,"C","C",27,"PHO",69,4,14.2,2.6,4.9,0.528,0.3,1.2,0.25,2.3,3.7,0.621,1.1,1.5,0.752,1.7,2.3,4.1,1,0.2,0.4,0.9,1.8,6.6,"NBA"
"Trendon Watford",1563518,"F","PF",22,"POR",62,12,19.1,2.9,5.2,0.56,0.4,1,0.391,2.5,4.2,0.602,1.2,1.6,0.72,0.7,3.2,3.8,2.1,0.5,0.2,1.1,1.9,7.4,"NBA"
"Dalano Banton",1563518,"G","PG",23,"TOR",31,2,9,1.8,4.2,0.423,0.5,1.6,0.294,1.3,2.5,0.506,0.5,0.8,0.708,0.4,1.1,1.5,1.2,0.4,0.4,0.6,1.1,4.6,"NBA"
"Christian Koloko",1500000,"C","C",22,"TOR",58,19,13.8,1.2,2.6,0.48,0,0.2,0.083,1.2,2.4,0.514,0.6,1,0.627,1.4,1.5,2.9,0.5,0.4,1,0.3,2.2,3.1,"NBA"
"Bryce McGowens",1461055,"G","SG",20,"CHO",46,7,17.1,1.7,4.4,0.396,0.6,1.7,0.325,1.2,2.7,0.443,1.3,1.7,0.75,0.4,1.6,2,1.2,0.3,0.1,0.9,1,5.3,"NBA"
"Jordan Goodwin",1280206,"G","PG",24,"WAS",62,7,17.8,2.5,5.7,0.448,0.6,1.9,0.322,1.9,3.8,0.511,0.9,1.1,0.768,0.9,2.4,3.3,2.7,0.9,0.4,0.9,1.5,6.6,"NBA"
"Kennedy Chandler",1200000,"G","PG",20,"MEM",36,0,7.8,1,2.3,0.422,0.1,0.4,0.133,0.9,1.9,0.485,0.2,0.4,0.462,0.3,0.8,1.1,1.6,0.3,0.1,0.5,0.4,2.2,"NBA"
"Noah Vonleh",1160955,"C","C",27,"BOS",23,1,7.4,0.5,1,0.458,0,0.2,0.25,0.4,0.9,0.5,0.1,0.1,1,0.8,1.3,2.1,0.3,0.1,0.3,0.5,1.5,1.1,"NBA"
"Sandro Mamukelashvili",1116112,"C","C",23,"SAS/MIL",43,7,15.3,2.3,5.3,0.422,0.7,2.3,0.303,1.6,3,0.511,0.9,1.3,0.684,1.6,2.7,4.3,1.4,0.3,0.3,0.8,1.2,6.1,"NBA"
"Sam Merrill",1105522,"G","SG",26,"CLE",5,0,11.8,1.8,4.4,0.409,1,3.6,0.278,0.8,0.8,1,0.4,0.4,1,0,1.8,1.8,1,0.8,0,0,0.6,5,"NBA"
"Tyrese Martin",1017781,"G","SG",23,"ATL",16,0,4.1,0.6,1.4,0.391,0.1,0.4,0.143,0.5,1,0.5,0.1,0.1,1,0.3,0.4,0.8,0.1,0.1,0,0.1,0.1,1.3,"NBA"
"Jaden Hardy",1017781,"G","SG",20,"DAL",48,5,14.8,3,6.9,0.438,1.3,3.3,0.404,1.7,3.7,0.469,1.4,1.6,0.823,0.2,1.6,1.9,1.4,0.4,0.1,1,1.3,8.8,"NBA"
"Ryan Rollins",1017781,"G","PG",20,"GSW",12,0,5.2,0.6,1.7,0.35,0.3,0.8,0.333,0.3,0.9,0.364,0.5,0.5,1,0.3,0.8,1,0.5,0.1,0.1,1.3,0.8,1.9,"NBA"
"Max Christie",1017781,"G","SG",19,"LAL",41,3,12.5,1.1,2.6,0.415,0.6,1.5,0.419,0.4,1.1,0.409,0.3,0.4,0.875,0.2,1.7,1.8,0.5,0.2,0.2,0.3,0.8,3.1,"NBA"
"Josh Minott",1017781,"F","SF",20,"MIN",15,0,6.4,1.2,2.4,0.5,0.1,0.4,0.333,1.1,2,0.533,0.5,0.5,1,0.3,1.3,1.7,0.3,0.3,0.4,0.2,0.7,3.1,"NBA"
"Jabari Walker",1017781,"F","SF",20,"POR",56,0,11.1,1.5,3.5,0.419,0.3,1,0.286,1.2,2.5,0.472,0.6,0.8,0.756,0.9,1.5,2.3,0.6,0.2,0.2,0.5,1.2,3.9,"NBA"
"Eugene Omoruyi",1013119,"F","SF",25,"DET/OKC",40,6,16.1,2.5,5.7,0.443,0.6,2.2,0.281,1.9,3.5,0.547,1.3,1.9,0.68,1.1,1.7,2.8,0.7,0.7,0.1,0.9,2.3,7,"NBA"
"Kris Dunn",1000001,"G","PG",28,"UTA",22,3,25.8,5.3,9.8,0.537,0.8,1.6,0.472,4.5,8.2,0.55,1.9,2.4,0.774,0.4,4.1,4.5,5.6,1.1,0.5,1.6,2.6,13.2,"NBA"
"Admiral Schofield",877940,"F","PF",25,"ORL",37,0,12.2,1.5,3.3,0.451,0.6,2,0.324,0.8,1.3,0.646,0.6,0.6,0.913,0.6,1.1,1.7,0.8,0.2,0.1,0.4,1.6,4.2,"NBA"
"Justin Champagnie",853241,"F","SF",21,"BOS/TOR",5,0,6.8,1,3,0.333,0.2,1,0.2,0.8,2,0.4,0,0,NA,0.6,1,1.6,0.8,0.2,0,0,0.4,2.2,"NBA"
"Trevelin Queen",838891,"G","SG",25,"IND",7,0,10,1,4.1,0.241,0.3,2.1,0.133,0.7,2,0.357,0.7,0.7,1,1.1,1.3,2.4,0.9,0.3,0.7,1,0.6,3,"NBA"
"Moses Brown",824041,"C","C",23,"BRK/LAC",36,1,8.2,1.7,2.7,0.635,0,0,NA,1.7,2.7,0.635,0.9,2,0.458,1.6,2.3,3.9,0.1,0.1,0.4,0.4,1.1,4.3,"NBA"
"Matt Ryan",806097,"F","SF",25,"LAL/MIN",34,0,9.1,1.2,3.2,0.37,0.9,2.5,0.381,0.2,0.7,0.333,0.3,0.4,0.833,0.1,0.6,0.8,0.5,0.1,0,0.2,0.8,3.6,"NBA"
"PJ Dozier",784654,"F","SF",26,"SAC",16,0,4.9,0.6,2.1,0.303,0.1,1,0.125,0.5,1.1,0.471,0,0,NA,0.1,0.8,0.9,0.6,0.4,0.1,0.3,0.4,1.4,"NBA"
"Cody Zeller",743922,"C","C",30,"MIA",15,2,14.5,2.5,3.9,0.627,0,0.1,0,2.5,3.8,0.649,1.6,2.3,0.686,1.7,2.6,4.3,0.7,0.2,0.3,0.9,2.2,6.5,"NBA"
"Meyers Leonard",713558,"C","C",30,"MIL",9,2,12.7,1.6,3.2,0.483,0.8,2,0.389,0.8,1.2,0.636,0.9,1,0.889,1.3,2.4,3.8,0.1,0.2,0,0.7,1.8,4.8,"NBA"
"Anthony Lamb",694878,"F","SF",25,"GSW",62,4,19.3,2.4,5.1,0.471,1.2,3.2,0.367,1.2,1.9,0.652,0.7,1,0.767,0.9,2.6,3.5,1.5,0.5,0.3,0.9,2.2,6.7,"NBA"
"Michael Carter-Williams",652829,"G","PG",31,"ORL",4,0,11,1.5,3.5,0.429,0.3,0.8,0.333,1.3,2.8,0.455,1,1.8,0.571,0.3,1,1.3,1.8,0.3,0.3,1,1.3,4.3,"NBA"
"Carlik Jones",612162,"G","PG",25,"CHI",7,0,8,0.9,2.1,0.4,0.4,0.9,0.5,0.4,1.3,0.333,0.7,1.1,0.625,0.1,0.6,0.7,0.9,0.3,0,0.3,0.3,2.9,"NBA"
"Trevor Keels",520589,"G","SG",19,"NYK",3,0,2.7,0.3,1.3,0.25,0.3,1.3,0.25,0,0,NA,0,0,NA,0,0.7,0.7,0,0,0,0,0,1,"NBA"
"Dereon Seabron",511816,"G","SG",22,"NOP",5,0,2.4,0.4,1,0.4,0,0,NA,0.4,1,0.4,0,0,NA,0.2,0,0.2,0,0,0,0,0.2,0.8,"NBA"
"Trent Forrest",508891,"G","SG",24,"ATL",23,3,12,1.1,2.6,0.417,0,0.1,0,1.1,2.5,0.431,0.1,0.1,0.667,0.2,1.4,1.6,1.7,0.3,0.1,0.7,0.7,2.3,"NBA"
"Mfiondu Kabengele",508891,"F","PF",25,"BOS",4,0,9,0.5,1.8,0.286,0,0.8,0,0.5,1,0.5,0.5,0.5,1,1.3,1.3,2.5,0,0.5,0,0.3,0.8,1.5,"NBA"
"JD Davison",508891,"G","SG",20,"BOS",12,0,5.5,0.7,1.6,0.421,0.2,0.6,0.286,0.5,1,0.5,0.1,0.2,0.5,0.2,0.6,0.8,0.9,0.2,0.2,0.3,0.4,1.6,"NBA"
"Malcolm Hill",508891,"F","SF",27,"CHI",5,0,1.8,0.4,0.8,0.5,0.2,0.6,0.333,0.2,0.2,1,0,0,NA,0,0.6,0.6,0,0,0,0,0.2,1,"NBA"
"Mamadi Diakite",508891,"C","C",26,"CLE",22,2,8,1.1,2.3,0.48,0.3,1,0.333,0.8,1.3,0.586,0.1,0.1,1,0.4,1,1.4,0.4,0.2,0.4,0.5,1.2,2.6,"NBA"
"Isaiah Mobley",508891,"F","PF",23,"CLE",12,0,7,1,2.3,0.429,0.3,0.7,0.375,0.8,1.7,0.45,0.3,0.3,1,0.3,1.3,1.7,0.3,0.3,0.3,0.1,0.7,2.6,"NBA"
"Jack White",508891,"F","SF",25,"DEN",17,0,3.9,0.5,1.1,0.421,0.2,0.5,0.333,0.3,0.6,0.5,0.1,0.2,0.667,0.4,0.6,1,0.2,0.2,0.1,0.1,0.5,1.2,"NBA"
"Buddy Boeheim",508891,"F","SF",23,"DET",10,0,9,0.5,2.7,0.185,0.4,2.5,0.16,0.1,0.2,0.5,0.2,0.2,1,0.2,0.4,0.6,0.4,0.2,0,0,0.6,1.6,"NBA"
"Darius Days",508891,"F","SF",23,"HOU",4,0,6.3,1.3,3,0.417,0.8,2.5,0.3,0.5,0.5,1,0.5,0.5,1,0.3,1.3,1.5,0.3,0,0.3,0,0.5,3.8,"NBA"
"Trevor Hudgins",508891,"G","PG",23,"HOU",5,0,5.6,0.4,1.8,0.222,0.4,1.6,0.25,0,0.2,0,0.6,0.6,1,0,0,0,0.6,0,0,0.2,0.2,1.8,"NBA"
"Kendall Brown",508891,"G","SG",19,"IND",6,0,6.7,0.7,1.2,0.571,0,0.2,0,0.7,1,0.667,0.2,0.3,0.5,0.3,0.7,1,0.5,0.7,0,0.3,1.5,1.5,"NBA"
"Cole Swider",508891,"F","SF",23,"LAL",7,0,5.9,0.4,1.3,0.333,0.4,1.1,0.375,0,0.1,0,0,0,NA,0.1,0.9,1,0.6,0,0,0,0.4,1.3,"NBA"
"Jamal Cain",508891,"F","PF",23,"MIA",18,0,13.3,2.1,3.7,0.561,0.4,1.1,0.35,1.7,2.6,0.652,0.9,1.2,0.773,0.8,2.1,2.9,0.7,0.6,0.1,0.3,1.2,5.4,"NBA"
"Luka Garza",508891,"C","C",24,"MIN",28,0,8.7,2.3,4.1,0.543,0.5,1.4,0.359,1.8,2.8,0.636,1.5,1.9,0.788,1.2,1.1,2.3,0.6,0.1,0.1,0.5,1.5,6.5,"NBA"
"Kevon Harris",508891,"G","SG",25,"ORL",34,0,13.4,1.4,3.1,0.439,0.5,1.3,0.372,0.9,1.9,0.484,0.9,1.2,0.756,0.8,1.2,2.1,0.5,0.5,0.1,0.6,1.6,4.1,"NBA"
"Keon Ellis",508891,"G","SG",23,"SAC",16,0,4.4,0.4,1,0.438,0.4,0.8,0.5,0.1,0.3,0.25,0.3,0.4,0.571,0.3,0.3,0.5,0.4,0.3,0.1,0.1,0.6,1.5,"NBA"
"Neemias Queta",508891,"C","C",23,"SAC",5,0,5.8,1.2,1.8,0.667,0,0,NA,1.2,1.8,0.667,0,0.4,0,1,1.2,2.2,0.2,0,0.4,0.2,1.4,2.4,"NBA"
"Dominick Barlow",508891,"F","PF",19,"SAS",28,0,14.6,1.6,3.1,0.535,0,0.1,0,1.6,2.9,0.561,0.6,0.9,0.72,1.6,2,3.6,0.9,0.4,0.7,0.5,2,3.9,"NBA"
"Julian Champagnie",508891,"F","SF",21,"SAS/PHI",17,3,18.8,3.5,7.6,0.454,1.9,4.8,0.402,1.5,2.8,0.542,0.8,1,0.824,0.6,2.9,3.5,0.6,0.4,0.3,0.6,1.5,9.7,"NBA"
"Jeff Dowtin",508891,"G","PG",25,"TOR",25,0,10.4,1,2.3,0.439,0.2,0.6,0.313,0.8,1.6,0.488,0.2,0.4,0.667,0.2,0.7,0.9,1.2,0.4,0.1,0.2,0.5,2.4,"NBA"
"Micah Potter",508891,"F","PF",24,"UTA",7,0,7.4,1.4,2.1,0.667,0.6,1,0.571,0.9,1.1,0.75,0,0,NA,0.4,1.9,2.3,0.6,0.1,0,0.3,0.7,3.4,"NBA"
"Johnny Juzang",508891,"G","SG",21,"UTA",18,0,12.9,1.9,5.8,0.337,0.8,3.5,0.238,1.1,2.3,0.488,0.1,0.2,0.5,0.4,1.7,2.2,0.4,0.2,0.2,0.2,0.7,4.8,"NBA"
"John Butler",503041,"C","C",20,"POR",19,1,11.6,0.9,2.8,0.321,0.4,1.8,0.229,0.5,0.9,0.5,0.2,0.2,0.75,0.2,0.7,0.9,0.6,0.4,0.5,0.1,1.2,2.4,"NBA"
"Chima Moneke",5e+05,"F","SF",27,"SAC",2,0,4,0.5,1,0.5,0,0,NA,0.5,1,0.5,0,1,0,1,0,1,0.5,0,0,1,1,1,"NBA"
"Facundo Campazzo",464299,"G","PG",31,"DAL",8,0,6.5,0.4,1.6,0.231,0.4,1.4,0.273,0,0.3,0,0.1,0.3,0.5,0,0.3,0.3,1.1,0.8,0,0.4,0.4,1.3,"NBA"
"Orlando Robinson",386055,"C","C",22,"MIA",31,1,13.7,1.5,2.9,0.528,0,0.2,0,1.5,2.7,0.566,0.7,1,0.71,1.5,2.5,4.1,0.8,0.4,0.4,0.5,1.7,3.7,"NBA"
"Dru Smith",374357,"G","SG",25,"BRK/MIA",15,1,10.5,1.2,3,0.4,0.3,1.3,0.263,0.9,1.7,0.5,0.2,0.2,1,0.1,1.5,1.6,1.5,0.7,0.3,0.2,1.5,2.9,"NBA"
"Jared Rhoden",307089,"G","SG",23,"DET",14,0,14.1,1.2,3.1,0.386,0.4,1.4,0.25,0.9,1.7,0.5,0.4,0.4,1,0.8,1.9,2.6,0.3,0.3,0.1,0.2,1.6,3.2,"NBA"
"Louis King",307089,"F","PF",23,"PHI",1,0,29,8,13,0.615,4,8,0.5,4,5,0.8,0,1,0,2,2,4,2,1,0,2,4,20,"NBA"
"Jarrett Culver",260295,"F","SF",23,"ATL",10,1,13.7,1.7,4.3,0.395,0.1,1.2,0.083,1.6,3.1,0.516,0.9,1.3,0.692,1,2.8,3.8,0.6,0.6,0.2,0.7,1.4,4.4,"NBA"
"Olivier Sarr",257371,"C","C",23,"OKC",9,1,12.7,1.7,3.3,0.5,0.1,0.9,0.125,1.6,2.4,0.636,0.6,0.8,0.714,1.3,2.1,3.4,0.4,0.1,0.6,0.4,1.9,4,"NBA"
"Alondes Williams",254446,"G","SG",23,"BRK",1,0,5,0,0,NA,0,0,NA,0,0,NA,0,0,NA,0,1,1,0,0,0,2,1,0,"NBA"
"Donovan Williams",239822,"G","SG",21,"ATL",2,0,2,1,2.5,0.4,0,1,0,1,1.5,0.667,0,0,NA,0,1,1,0,0,0,0,0,2,"NBA"
"Quenton Jackson",219630,"G","PG",24,"WAS",9,0,15,2.1,4.7,0.452,0.1,1.3,0.083,2,3.3,0.6,1.9,2.4,0.773,0.2,0.7,0.9,1.7,0.4,0.1,0.4,1.1,6.2,"NBA"
"Chris Silva",211045,"F","PF",26,"DAL",1,0,3,1,1,1,0,0,NA,1,1,1,0,0,NA,0,0,0,0,0,0,1,2,2,"NBA"
"Tyler Dorsey",201802,"F","SF",26,"DAL",3,0,2.7,1.3,1.7,0.8,0.3,0.7,0.5,1,1,1,0,0,NA,0.3,0.3,0.7,0,0,0,0,0,3,"NBA"
"Braxton Key",201802,"F","SF",25,"DET",3,0,3,0.3,0.3,1,0,0,NA,0.3,0.3,1,0.7,0.7,1,0,0.3,0.3,0,0,0,0,0,1.3,"NBA"
"Jordan Hall",193027,"F","SF",21,"SAS",9,0,9.2,1,3.1,0.321,0.3,1.7,0.2,0.7,1.4,0.462,0.8,1,0.778,0.3,1,1.3,1.2,0.1,0,0.8,0.7,3.1,"NBA"
"Alize Johnson",192293,"F","PF",26,"SAS",4,0,7.5,0.8,1.5,0.5,0,0.5,0,0.8,1,0.75,0.3,0.5,0.5,0.5,2,2.5,0.3,0.3,0,1,0.8,1.8,"NBA"
"Devon Dotson",169630,"G","PG",23,"WAS",6,0,8.8,0.2,1.7,0.1,0.2,0.7,0.25,0,1,0,0,0,NA,1,0.7,1.7,1.3,0.8,0,0.5,1.5,0.5,"NBA"
"Mac McClung",160856,"G","SG",24,"PHI",2,0,20.5,4.5,10,0.45,2,5.5,0.364,2.5,4.5,0.556,1.5,2.5,0.6,1.5,3.5,5,4.5,0,0,1.5,1.5,12.5,"NBA"
"Xavier Cooks",140384,"F","PF",27,"WAS",10,1,12.6,1.7,2.8,0.607,0,0.1,0,1.7,2.7,0.63,0.4,1,0.4,1.6,2.2,3.8,0.6,0.6,0.4,0.8,1.3,3.8,"NBA"
"Shaquille Harrison",134862,"G","SG",29,"POR",5,0,24,3,7.2,0.417,0.6,2,0.3,2.4,5.2,0.462,2.2,3,0.733,0.2,4.2,4.4,6,2.2,0.4,1.2,2.4,8.8,"NBA"
"Lester Quinones",129405,"G","SG",22,"GSW",4,0,4.5,0.5,1.3,0.4,0.5,1,0.5,0,0.3,0,1,1.5,0.667,0.3,0.5,0.8,0.5,0.3,0,1.3,0,2.5,"NBA"
"Xavier Moon",116986,"G","SG",28,"LAC",4,0,5,0.8,2.3,0.333,0.3,0.8,0.333,0.5,1.5,0.333,0,0,NA,0,0.8,0.8,1.3,0,0,0.3,0.5,1.8,"NBA"
"Jamaree Bouyea",116986,"G","PG",23,"MIA/WAS",5,0,14.2,1.2,2.8,0.429,0.4,1.2,0.333,0.8,1.6,0.5,0.2,0.4,0.5,0.2,1,1.2,0.8,0.8,0.4,0.8,1.2,3,"NBA"
"Jay Huff",116986,"C","C",24,"WAS",7,0,13.6,2.1,3.6,0.6,0.9,1.7,0.5,1.3,1.9,0.692,2.1,2.3,0.938,0.9,2.1,3,1.4,0.4,0.6,0.7,2.1,7.3,"NBA"
"Skylar Mays",116574,"G","PG",25,"POR",6,6,31.5,5.7,11.3,0.5,2,4.3,0.462,3.7,7,0.524,2,2.2,0.923,0.3,2.8,3.2,8.3,1,0.2,1.7,1.8,15.3,"NBA"
"Frank Jackson",113114,"G","PG",24,"UTA",1,0,5,0,3,0,0,1,0,0,2,0,0,0,NA,1,1,2,1,0,0,0,0,0,"NBA"
"Deonte Burton",105522,"F","PF",29,"SAC",2,0,3,0,1,0,0,0.5,0,0,0.5,0,0,0,NA,0,0,0,0,0,0,0,0,0,"NBA"
"Jarrell Brantley",105522,"F","PF",26,"UTA",4,0,9.8,2,3.5,0.571,1,2.3,0.444,1,1.3,0.8,0.5,0.5,1,0.3,1.3,1.5,0.8,0,0.5,0.5,0.8,5.5,"NBA"
"Xavier Sneed",102910,"F","SF",25,"CHO",4,0,12,1.3,2.5,0.5,0.8,1.5,0.5,0.5,1,0.5,1,1,1,0,1.3,1.3,1.3,0,0.3,0.8,1.8,4.3,"NBA"
"Lindell Wigginton",99438,"G","PG",24,"MIL",7,1,12.4,2.6,5.3,0.486,0.9,2.6,0.333,1.7,2.7,0.632,1.1,1.3,0.889,0,1,1,2,0,0.3,1.7,1,7.1,"NBA"
"Jordan Schakel",96514,"F","SF",24,"WAS",2,0,3,0.5,1,0.5,0.5,0.5,1,0,0.5,0,0,0,NA,0,0,0,0.5,0.5,0,0,0.5,1.5,"NBA"
"Stanley Umude",58493,"G","SG",23,"DET",1,0,2,0,1,0,0,1,0,0,0,NA,2,2,1,0,0,0,0,1,1,0,0,2,"NBA"
"Jeenathan Williams",52644,"G","SG",23,"POR",5,4,25.4,4.8,7.8,0.615,0.6,1.6,0.375,4.2,6.2,0.677,0.4,0.6,0.667,2,1,3,2,0.6,0.4,0.8,2.6,10.6,"NBA"
"Jay Scrubb",49719,"G","SG",22,"ORL",2,0,15,2.5,3.5,0.714,1,1,1,1.5,2.5,0.6,0.5,1,0.5,0,3,3,0.5,1,0,1.5,1,6.5,"NBA"
"Justin Minaya",35096,"F","SF",23,"POR",4,0,22.3,1.8,5.8,0.304,0.8,3,0.25,1,2.8,0.364,0,0.3,0,0.8,3,3.8,1,0.5,1.3,1,2.3,4.3,"NBA"
"Kobi Simmons",32795,"G","SG",25,"CHO",5,0,5.6,0.2,1.2,0.167,0.2,1,0.2,0,0.2,0,0.4,0.4,1,0.2,0.6,0.8,1,0,0.4,0.2,0,1,"NBA"
"Gabe York",32171,"G","SG",29,"IND",3,0,18.7,2.7,7,0.381,2,6,0.333,0.7,1,0.667,0.7,0.7,1,0,2,2,1.7,0.7,0,0,1.7,8,"NBA"
"RaiQuan Gray",5849,"F","PF",23,"BRK",1,0,35,6,12,0.5,2,5,0.4,4,7,0.571,2,2,1,3,6,9,7,0,1,4,5,16,"NBA"
"Jacob Gilyard",5849,"G","PG",24,"MEM",1,0,41,1,3,0.333,1,3,0.333,0,0,NA,0,0,NA,0,4,4,7,3,0,2,3,3,"NBA"
"A'ja Wilson",196267,"F","F",26,"LVA",36,36,30,7.2,14.4,0.501,0.9,2.3,0.373,6.4,12.1,0.525,4.2,5.2,0.813,1.8,7.6,9.4,2.1,1.4,1.9,1.7,2.1,19.5,"WNBA"
"Aari McDonald",71441,"G","G",24,"ATL",36,6,24.3,3.6,8.9,0.411,1.3,3.9,0.338,2.3,4.9,0.469,2.4,2.8,0.871,0.4,1.8,2.3,2.6,1.5,0,2.2,2.2,11.1,"WNBA"
"Aerial Powers",196267,"F","F-G",28,"MIN",35,31,27,4.9,12.6,0.385,0.9,3.1,0.308,3.9,9.5,0.41,3.8,4.6,0.815,1.3,3.4,4.7,2.9,1.2,0.3,2.6,1.8,14.4,"WNBA"
"Aisha Sheppard",63389,"G","G",23,"LVA",23,0,7.6,0.4,1.8,0.238,0.4,1.4,0.273,0,0.4,0.111,0.3,0.3,0.75,0.3,0.3,0.6,0.3,0.2,0,0.3,1.1,1.5,"WNBA"
"Alaina Coates",24999,"C","C",27,"IND",8,0,9.4,0.9,1.4,0.636,0,0,NA,0.9,1.4,0.636,1.8,1.9,0.933,0.8,1.3,2,0.3,0.3,0.4,0.6,2.3,3.5,"WNBA"
"Alanna Smith",19285,"F","F",26,"IND",9,1,12.8,1.6,4.7,0.333,0.7,2.8,0.24,0.9,1.9,0.471,0.6,0.8,0.714,0.9,1.8,2.7,0.6,0.9,0.7,0.9,1.9,4.3,"WNBA"
"Allie Quigley",135000,"G","G",36,"CHI",34,34,26.3,3.8,8.9,0.428,1.5,4.1,0.355,2.4,4.8,0.491,2.2,2.4,0.95,0.5,2,2.5,2.9,0.7,0.2,1.3,1.5,11.4,"WNBA"
"Allisha Gray",164800,"F","F",27,"DAL",33,33,32.9,4.4,10.5,0.423,1.9,4.8,0.408,2.5,5.7,0.436,2.5,3.2,0.798,0.9,3.9,4.8,2.5,1.1,0.7,1.3,2.4,13.3,"WNBA"
"Alysha Clark",183000,"F","F",35,"WAS",29,29,26.4,3.1,6.8,0.464,1,3.4,0.303,2.1,3.3,0.629,0.7,0.8,0.913,0.8,3.7,4.5,2,1,0.3,1.3,1.9,8,"WNBA"
"Alyssa Thomas",206000,"F","F",30,"CON",36,36,32.1,5.2,10.4,0.5,0,0.1,0,5.2,10.4,0.503,3,4.1,0.73,2.1,6.1,8.2,6.1,1.7,0.2,2.9,2.8,13.4,"WNBA"
"Amy Atwell",20955,"F","F",24,"LAS",4,1,7.9,0.3,2.3,0.111,0.3,1.5,0.167,0,0.8,0,0,0,NA,0.3,0.3,0.5,0.5,0,0,0.5,0.3,0.8,"WNBA"
"Angel McCoughtry",69000,"F","F-G",36,"MIN",2,2,9.9,1.5,4,0.375,0,0.5,0,1.5,3.5,0.429,3,3,1,0,3,3,1,0.5,1,1.5,1.5,6,"WNBA"
"Anneli Maley",8083,"F","F",24,"CHI",4,0,11.1,0.8,1.5,0.5,0.5,0.8,0.667,0.3,0.8,0.333,0,0,NA,0.8,1,1.8,0.8,0.8,0.3,0.3,1.5,2,"WNBA"
"Ariel Atkins",170000,"G","G",26,"WAS",36,36,30,5.1,12.2,0.42,1.9,5.3,0.365,3.2,6.9,0.464,2.4,2.9,0.845,0.9,2.3,3.3,2.3,1.3,0.3,1.4,2.8,14.6,"WNBA"
"Arike Ogunbowale",72141,"G","G",25,"DAL",30,30,31.4,6.8,17,0.4,2.8,7.9,0.352,4,9.1,0.442,3.3,4.1,0.798,0.6,2.7,3.3,3.6,1.5,0.1,1.8,2.2,19.7,"WNBA"
"Asia (AD) Durr",68260,"G","G",25,"NYL/ATL",25,2,14.7,2.4,6.1,0.395,0.9,2.3,0.404,1.5,3.8,0.389,1.2,1.6,0.795,0.3,0.9,1.2,1.2,0.4,0.2,0.9,1.3,7,"WNBA"
"Awak Kuier",71441,"F","F",21,"DAL",33,0,12.6,1,2.6,0.395,0.1,0.6,0.19,0.9,2,0.462,0.6,0.9,0.613,0.7,1.8,2.5,0.9,0.4,0.9,0.6,0.8,2.8,"WNBA"
"Azurá Stevens",140000,"F","F-C",26,"CHI",35,8,21.9,4.3,9.1,0.472,1.2,3.3,0.362,3.1,5.8,0.535,0.8,1.1,0.744,0.6,3.3,3.9,0.8,0.5,1.1,0.7,1.7,10.6,"WNBA"
"Beatrice Mompremier",60471,"F","F",26,"ATL",21,0,8.3,1,2.1,0.455,0,0,NA,1,2.1,0.455,0.2,0.6,0.385,1,1.9,2.8,0.4,0.1,0.6,0.7,1.3,2.1,"WNBA"
"Betnijah Laney-Hamilton",196267,"F","G-F",29,"NYL",9,6,28.3,4.2,10,0.422,1.2,3.2,0.379,3,6.8,0.443,1.6,1.8,0.875,0.1,3.2,3.3,2.8,0.4,0.1,2.7,2.7,11.2,"WNBA"
"Breanna Stewart",228094,"F","F",28,"SEA",34,34,30.9,7.5,15.9,0.472,2,5.2,0.379,5.5,10.7,0.518,4.8,5.8,0.837,1.4,6.2,7.6,2.9,1.6,0.9,1.3,2.1,21.8,"WNBA"
"Bria Hartley",198911,"G","G",30,"IND/CON",13,0,9.5,1.1,2.8,0.378,0.5,1.3,0.412,0.5,1.5,0.35,0.3,0.5,0.667,0.1,0.8,0.9,1.1,0.3,0,0.8,0.5,3,"WNBA"
"Briann January",140000,"G","G",35,"SEA",36,5,16.9,1.3,3.4,0.377,0.6,2.1,0.311,0.6,1.3,0.479,0.5,0.6,0.826,0.2,0.8,1,2.4,0.6,0.2,1.5,1.6,3.7,"WNBA"
"Brianna Turner",72141,"C","C",26,"PHO",35,35,33.4,1.9,3.2,0.607,0,0,NA,1.9,3.2,0.607,0.4,0.9,0.5,2,4.8,6.8,2.3,1.3,1.6,1.4,2.3,4.3,"WNBA"
"Bridget Carleton",72141,"F","F",25,"MIN",36,2,16.8,1.5,3.7,0.403,0.8,2.3,0.354,0.7,1.4,0.481,0.5,0.7,0.731,0.3,1.8,2.1,1.1,0.4,0.1,0.6,1.6,4.3,"WNBA"
"Brionna Jones",120000,"F","F",26,"CON",36,7,25.1,5.2,9.1,0.569,0,0.2,0,5.2,8.9,0.579,3.4,4.1,0.844,2.6,2.5,5.1,1.2,1.2,0.4,1.5,2.6,13.8,"WNBA"
"Brittney Griner",227900,"C","C",32,"PHO",0,0,NA,NA,NA,NA,NA,NA,NA,NA,NA,NA,NA,NA,NA,NA,NA,NA,NA,NA,NA,NA,NA,NA,"WNBA"
"Brittney Sykes",113300,"G","G",28,"LAS",32,24,28.8,4.8,11,0.433,0.4,1.6,0.269,4.3,9.3,0.462,2.7,3.5,0.77,0.7,2.9,3.7,3.7,2,0.7,2.6,2.6,12.7,"WNBA"
"Candace Parker",195000,"C","C",36,"CHI",32,32,28.2,5,10.8,0.458,1.3,4.2,0.311,3.7,6.6,0.552,1.9,2.4,0.816,0.9,7.7,8.6,4.5,1,1,2.4,2.2,13.2,"WNBA"
"Charli Collier",71441,"F","F-C",23,"DAL",17,0,4.6,0.7,1.6,0.444,0,0.1,0,0.7,1.5,0.48,0.6,0.8,0.714,0.2,0.4,0.6,0.1,0.1,0,0.6,1.1,2,"WNBA"
"Chelsea Gray",206267,"G","G",30,"LVA",35,35,29.7,5.2,10.7,0.491,1,2.9,0.34,4.3,7.8,0.546,2.3,2.5,0.91,0.3,2.9,3.2,6.1,1.6,0.3,2.3,1.5,13.7,"WNBA"
"Chennedy Carter",76297,"G","G",23,"LAS",24,2,16.4,3.5,7.9,0.45,0.1,0.4,0.2,3.5,7.5,0.464,1.7,2.3,0.745,0.4,1.5,1.9,1.9,0.6,0.4,1.8,2.2,8.9,"WNBA"
"Cheyenne Parker-Tyus",190550,"C","C",30,"ATL",36,35,26.2,4.9,9.8,0.5,0.3,1.5,0.218,4.6,8.3,0.552,1.7,2.2,0.795,1.6,4.5,6.2,2,1,0.9,2,2.7,11.8,"WNBA"
"Chiney Ogwumike",116390,"F","F-C",30,"LAS",26,7,18.4,2.7,5.7,0.466,0.3,0.7,0.444,2.3,5,0.469,1.4,2,0.706,2,3.5,5.5,1.1,0.7,0.3,1.4,2.7,7,"WNBA"
"Courtney Vandersloot",195000,"G","G",33,"CHI",32,32,26.5,4.3,8.8,0.481,0.9,2.5,0.367,3.3,6.4,0.525,2.3,3.1,0.765,0.7,3.2,3.9,6.5,1.2,0.5,2.7,1.7,11.8,"WNBA"
"Courtney Williams",103000,"G","G",28,"CON",34,34,28,4.9,11.4,0.426,0.6,1.9,0.338,4.2,9.5,0.444,0.8,1.1,0.75,0.9,3.7,4.6,3.3,1,0.4,1.7,1.6,11.1,"WNBA"
"Crystal Dangerfield",44605,"G","G",24,"IND/NYL",33,27,21.5,2,5,0.398,0.7,2.2,0.324,1.3,2.9,0.453,0.8,1,0.735,0.4,1.6,2,2.6,0.5,0.1,0.9,1.3,5.5,"WNBA"
"Damiris Dantas",129150,"F","F",29,"MIN",15,15,17.4,1.9,6.1,0.304,1.1,4.1,0.262,0.8,2.1,0.387,0.3,0.4,0.833,0.7,3.1,3.8,1.9,0.2,0.1,1.1,1.2,5.1,"WNBA"
"Dana Evans",62774,"G","G",24,"CHI",33,1,11.5,1.5,3.9,0.377,0.7,2,0.328,0.8,1.9,0.429,0.7,0.8,0.88,0.2,0.7,0.8,1.2,0.3,0.1,0.8,0.9,4.3,"WNBA"
"Danielle Robinson",155000,"G","G",33,"IND",31,30,23.6,2.7,6.5,0.419,0.3,1.3,0.225,2.5,5.3,0.466,1.6,1.9,0.85,0.4,2.5,2.9,3.8,0.7,0.2,1.6,1.4,7.4,"WNBA"
"DeWanna Bonner",227900,"F","F",35,"CON",33,33,30,4.7,10.8,0.439,1.4,4.2,0.329,3.3,6.5,0.512,2.6,3.2,0.827,0.8,4,4.7,2.8,1.2,0.3,1.6,1.8,13.5,"WNBA"
"Dearica Hamby",152800,"F","F",29,"LVA",34,32,26.5,3.4,7.3,0.466,0.5,2.1,0.219,2.9,5.2,0.568,2,2.7,0.72,1.4,5.6,7.1,1.1,1.1,0.1,1.5,2,9.3,"WNBA"
"Destanni Henderson",63389,"G","G",23,"IND",36,5,16.4,2,4.9,0.401,0.7,2,0.366,1.3,2.9,0.425,0.6,0.9,0.719,0.8,0.8,1.6,2.5,0.8,0.1,1.7,0.9,5.3,"WNBA"
"Destiny Slocum",4041,"G","G",25,"ATL",3,0,13.7,1.3,3.7,0.364,1,3,0.333,0.3,0.7,0.5,1,1.7,0.6,0,1.3,1.3,1.3,0,0,1.7,1.3,4.7,"WNBA"
"DiDi Richards",62774,"F","G-F",23,"NYL",14,0,11.1,0.8,2.6,0.306,0.2,0.8,0.273,0.6,1.8,0.32,0.5,0.7,0.7,0.4,1.4,1.7,1.4,0.1,0.4,0.9,1.8,2.3,"WNBA"
"DiJonai Carrington",62774,"F","G-F",24,"CON",36,2,17.5,2.3,5.6,0.414,0.5,1.7,0.306,1.8,3.9,0.461,1.6,2.1,0.75,1.1,2.1,3.1,1.1,0.8,0.1,1.6,1.9,6.8,"WNBA"
"Diamond DeShields",150000,"G","G",27,"PHO",30,19,25.3,4.7,12.2,0.388,0.7,3,0.236,4,9.2,0.437,2.9,3.8,0.765,0.6,3.2,3.8,2.2,1,0.5,2.3,3.3,13.1,"WNBA"
"Diana Taurasi",228094,"G","G",40,"PHO",31,31,31,4.8,13,0.373,3,8.8,0.337,1.9,4.2,0.45,4.1,4.6,0.894,0.3,3.2,3.4,3.9,0.7,0.6,2.7,2.9,16.7,"WNBA"
"Elena Delle Donne",227900,"F","F",33,"WAS",25,25,27.8,6.2,12.9,0.48,1.4,3.8,0.368,4.8,9.1,0.526,3.4,3.7,0.913,1.2,5.1,6.3,2.3,0.5,1.1,1.1,1.4,17.2,"WNBA"
"Elissa Cunane",9878,"C","C",22,"MIN",3,0,3.3,0.3,0.7,0.5,0,0.3,0,0.3,0.3,1,0,0,NA,0.7,1,1.7,0,0,0,0.3,0.3,0.7,"WNBA"
"Elizabeth Williams",90000,"C","C-F",29,"WAS",30,0,14.9,2.3,4.7,0.482,0,0,NA,2.3,4.7,0.482,0.8,1.4,0.581,1.5,2.3,3.8,0.5,0.6,0.6,0.6,1.5,5.4,"WNBA"
"Emily Engstler",72141,"F","F",22,"IND",35,6,18.2,2.1,5.2,0.396,0.5,1.3,0.356,1.6,3.9,0.409,0.6,1.1,0.553,2.1,3.1,5.2,1.5,0.7,1.1,1.4,3.1,5.2,"WNBA"
"Emma Cannon",52856,"F","F-C",33,"PHO/IND",24,2,14,2.5,4.8,0.526,0.4,0.8,0.5,2.1,4,0.531,1.5,2,0.729,0.9,2.2,3.1,0.5,0.6,0.1,0.7,2,6.8,"WNBA"
"Emma Meesseman",185000,"F","F",29,"CHI",36,36,28.6,5.4,9.4,0.571,0.4,1.1,0.342,5,8.4,0.599,1.3,1.5,0.887,1.7,3.8,5.5,3.8,1.4,0.8,1.4,2.5,12.4,"WNBA"
"Epiphanny Prince",115000,"G","G",34,"SEA",33,0,12.3,1.3,3.8,0.355,0.6,1.8,0.356,0.7,2,0.354,0.6,0.8,0.84,0.2,0.8,1,1.8,0.6,0.1,0.5,0.9,3.9,"WNBA"
"Erica Wheeler",185400,"G","G",31,"ATL",30,30,26.3,3.3,9.2,0.355,0.8,2.4,0.329,2.5,6.8,0.365,1,1.4,0.756,0.6,2.5,3.1,3.9,1.1,0.1,2.5,2.5,8.4,"WNBA"
"Evina Westbrook",55681,"G","G",24,"WAS/MIN",20,2,10.2,1,2.7,0.377,0.3,1,0.25,0.8,1.7,0.455,0.6,0.8,0.733,0.1,1,1,1.2,0.4,0.4,0.8,0.9,2.8,"WNBA"
"Ezi Magbegor",60471,"C","C",23,"SEA",33,23,24.7,4,7.3,0.55,0.3,0.9,0.345,3.7,6.5,0.577,1.2,1.6,0.736,1.6,4,5.6,1.4,0.9,1.8,1.4,2.9,9.5,"WNBA"
"Gabby Williams",144000,"F","F",26,"SEA",36,36,25.6,3,6.8,0.444,0.5,1.9,0.257,2.5,4.8,0.52,1,1.3,0.778,1.2,3.8,5,3.1,1.5,0.4,1.4,1.6,7.5,"WNBA"
"Han Xu",60471,"C","C",23,"NYL",32,0,16.8,3.4,6.9,0.493,0.5,1.1,0.444,2.9,5.8,0.503,1.2,1.5,0.796,1.2,2.4,3.6,0.9,0.5,0.7,0.7,1,8.5,"WNBA"
"Hannah Sjerven",4490,"F","F",24,"MIN",3,0,3,0,0.3,0,0,0,NA,0,0.3,0,0,0,NA,0,0,0,0,0,0.3,0,0.7,0,"WNBA"
"Iliana Rupert",37420,"C","C",21,"LVA",17,0,13.1,1.5,3.2,0.463,0.8,2.2,0.368,0.6,0.9,0.688,0.1,0.2,0.333,0.6,1.6,2.3,0.9,0.4,0,0.5,2.1,3.8,"WNBA"
"Isabelle Harrison",159000,"F","F",29,"DAL",35,18,18.4,3.3,7.1,0.466,0.1,0.1,1,3.3,7.1,0.462,2.1,2.4,0.867,1.4,2.9,4.3,1.3,0.7,0.1,1.3,2.1,8.7,"WNBA"
"Jackie Young",72141,"F","F",25,"LVA",34,34,33.2,5.6,11.8,0.476,1.5,3.4,0.431,4.1,8.4,0.495,3.2,3.8,0.859,1.3,3.1,4.4,3.9,1.4,0.2,1.3,2.4,15.9,"WNBA"
"Jantel Lavender",186141,"F","F",34,"SEA",27,4,12.2,1.7,4.1,0.409,0.2,0.9,0.208,1.5,3.2,0.465,0.3,0.4,0.667,1,2.3,3.3,0.9,0.1,0.1,0.9,1.1,3.8,"WNBA"
"Jasmine Dickey",60471,"G","G",22,"DAL",20,0,4.7,0.4,1.7,0.212,0.1,0.2,0.25,0.3,1.5,0.207,0.3,0.5,0.667,0.3,0.3,0.6,0.1,0.2,0.1,0.3,0.5,1.1,"WNBA"
"Jasmine Thomas",190000,"G","G",33,"CON",5,5,21.8,1.6,6,0.267,1,2.6,0.385,0.6,3.4,0.176,2.4,2.6,0.923,0.4,1.8,2.2,3,0.6,0.2,1.4,1.4,6.6,"WNBA"
"Jasmine Walker",68552,"F","F",24,"LAS",32,1,8.8,0.6,2.4,0.25,0.3,1.6,0.2,0.3,0.8,0.346,0.1,0.1,1,0.4,1.1,1.5,0.2,0.2,0.1,0.5,0.9,1.6,"WNBA"
"Jazmine Jones",22153,"G","G",26,"WAS/CON",8,0,5.8,0.3,1,0.25,0,0.4,0,0.3,0.6,0.4,0.3,0.6,0.4,0,0.3,0.3,0.1,0.3,0,0.4,0.6,0.8,"WNBA"
"Jennie Simms",31133,"G","G",28,"PHO",23,4,13.2,1.3,2.7,0.476,0.2,0.8,0.211,1.1,1.9,0.591,0.7,0.8,0.789,0.6,1.7,2.2,0.9,0.5,0,1,1.7,3.4,"WNBA"
"Jessica Shepard",60471,"F","F",26,"MIN",36,22,26.1,3,6,0.5,0.2,0.7,0.25,2.8,5.3,0.531,1.9,2.6,0.734,2,5.4,7.4,3,0.4,0.3,1.7,2.1,8.1,"WNBA"
"Jewell Loyd",228094,"G","G",29,"SEA",36,36,30.3,5.6,14.1,0.396,2.3,6.1,0.385,3.3,8.1,0.403,2.8,3.1,0.893,0.6,2.1,2.6,3.4,1.1,0.2,2.2,1.8,16.3,"WNBA"
"Jocelyn Willoughby",70127,"F","F-G",24,"NYL",11,4,11,1,2.4,0.423,0.3,1,0.273,0.7,1.4,0.533,0.4,0.7,0.5,0.2,1.5,1.6,0.4,0.5,0.2,0.8,0.7,2.6,"WNBA"
"Jonquel Jones",205000,"C","C",28,"CON",33,32,26.4,5.3,10.4,0.513,1.2,3.4,0.369,4.1,7,0.582,2.7,3.4,0.802,2.6,6,8.6,1.8,1.1,1.2,2.6,2.7,14.6,"WNBA"
"Jordin Canada",98000,"G","G",27,"LAS",32,25,27,3.3,8.5,0.384,0.2,1.6,0.14,3,6.9,0.439,2.5,3.1,0.806,0.2,2.1,2.3,5.5,1.4,0.2,2.3,1.8,9.2,"WNBA"
"Joyner Holmes",58076,"F","F",24,"CON",26,0,7.9,0.7,2.3,0.311,0.2,0.8,0.227,0.5,1.5,0.359,0.4,0.5,0.769,0.2,1.1,1.3,0.5,0.3,0.1,0.7,0.8,2,"WNBA"
"Julie Allemand",61049,"G","G",26,"CHI",25,4,16.1,1,2.4,0.417,0.4,1.2,0.29,0.6,1.2,0.552,0.6,0.7,0.833,0.4,1.2,1.6,3.4,0.6,0.1,1.3,0.9,3,"WNBA"
"Kaela Davis",16607,"F","F",27,"SEA/PHO/CHI",7,0,7.8,1.9,3,0.619,0.6,0.9,0.667,1.3,2.1,0.6,0.6,0.7,0.8,0.4,0.9,1.3,0.1,0.3,0,0.9,1.3,4.9,"WNBA"
"Kahleah Copper",2e+05,"F","F",28,"CHI",31,31,28.8,5.7,11.8,0.481,1.2,3.3,0.356,4.5,8.5,0.528,3.2,4.2,0.775,1,4.6,5.7,2.3,0.5,0,2,2.4,15.7,"WNBA"
"Kaila Charles",2694,"F","G-F",24,"NYL/ATL",1,0,2,0,0,NA,0,0,NA,0,0,NA,0,0,NA,0,0,0,0,0,0,0,1,0,"WNBA"
"Kamiah Smalls",4041,"G","G",24,"MIN",3,0,11.3,0.7,2.7,0.25,0,1.3,0,0.7,1.3,0.5,0,0,NA,0,1.7,1.7,2,1.3,0,1.3,2,1.3,"WNBA"
"Karlie Samuelson",3214,"F","F",27,"PHO",1,0,10.2,1,3,0.333,1,3,0.333,0,0,NA,0,0,NA,0,3,3,1,0,0,1,1,3,"WNBA"
"Katie Benzan",3592,"G","G",24,"WAS",3,0,8.9,1.7,3,0.556,1.7,2.3,0.714,0,0.7,0,1,1.3,0.75,0.3,0.3,0.7,0.3,0,0.3,0.7,2.3,6,"WNBA"
"Katie Lou Samuelson",72141,"F","F",25,"LAS",32,29,29.5,3.3,9,0.373,1.8,5,0.352,1.6,4,0.398,1.3,1.5,0.837,0.5,2.4,3,1.9,1,0.2,1.1,1.6,9.7,"WNBA"
"Kayla McBride",196267,"G","G",30,"MIN",31,31,29.8,4.4,10.9,0.405,1.5,4.3,0.356,2.9,6.6,0.437,2.9,3.2,0.909,0.5,2.3,2.8,2.1,1,0.1,1.5,1.4,13.3,"WNBA"
"Kayla Thornton",107040,"F","F",30,"DAL",36,35,29.2,2.7,5.8,0.469,0.7,2.1,0.325,2,3.6,0.554,1.9,2.3,0.829,1.8,4.1,5.9,1.8,1.1,0.6,1.2,2.7,8,"WNBA"
"Kelsey Mitchell",2e+05,"G","G",26,"IND",31,31,32.6,6.3,14.4,0.438,2.3,5.7,0.409,4,8.7,0.458,3.4,3.9,0.861,0.5,1.5,1.9,4.2,0.9,0.2,2.4,2.3,18.4,"WNBA"
"Kelsey Plum",180250,"G","G",28,"LVA",36,36,32.8,6.8,14.8,0.46,3.1,7.5,0.42,3.6,7.3,0.5,3.5,4.1,0.839,0.3,2.4,2.7,5.1,1,0.1,2.6,2.5,20.2,"WNBA"
"Kennedy Burke",36428,"F","G-F",25,"WAS",16,4,13.9,2.1,4.6,0.446,0.7,2,0.344,1.4,2.6,0.524,0.6,1.1,0.588,0.5,1.7,2.2,0.4,1,0.3,0.5,1.1,5.4,"WNBA"
"Khayla Pointer",37121,"G","G",23,"IND",10,0,5.8,0.7,1.2,0.583,0.1,0.4,0.25,0.6,0.8,0.75,0.7,1.4,0.5,0.1,0.7,0.8,0.2,0.2,0,0.9,0.2,2.2,"WNBA"
"Kia Nurse",73542,"G","G",26,"PHO",0,0,NA,NA,NA,NA,NA,NA,NA,NA,NA,NA,NA,NA,NA,NA,NA,NA,NA,NA,NA,NA,NA,NA,"WNBA"
"Kia Vaughn",110000,"C","C",35,"ATL",29,1,13.8,1.1,2.8,0.4,0,0,0,1.1,2.7,0.405,0.3,0.4,0.692,1,2.2,3.2,0.9,0.3,0.3,1.2,1.7,2.5,"WNBA"
"Kiah Stokes",115000,"C","C",29,"LVA",31,4,15.3,0.8,2,0.426,0.2,0.8,0.208,0.7,1.2,0.568,0.4,0.5,0.813,0.9,3.5,4.4,0.6,0.5,0.8,0.6,1.3,2.3,"WNBA"
"Kiana Williams",7184,"G","G",23,"SEA/CON",4,0,7.3,0.5,2,0.25,0.3,1,0.25,0.3,1,0.25,0,0,NA,0,0.5,0.5,1.3,0,0,0.5,0.3,1.3,"WNBA"
"Kianna Smith",17667,"G","G",23,"LAS",11,0,10.2,1,3.2,0.314,0.5,1.6,0.278,0.5,1.5,0.353,0.2,0.2,1,0.5,0.4,0.8,0.5,0.4,0,0.4,1,2.6,"WNBA"
"Kierstan Bell",66306,"G","G",22,"LVA",21,1,5.8,0.5,1.6,0.303,0.1,1,0.136,0.3,0.5,0.636,0.2,0.2,1,0.2,0.7,0.9,0.3,0.1,0.1,0.2,0.5,1.3,"WNBA"
"Kristi Toliver",196100,"G","G",35,"LAS",11,10,19.8,1.7,4.6,0.373,1.2,3.3,0.361,0.5,1.4,0.4,1.3,1.5,0.875,0,0.8,0.8,3.1,0.4,0,2.3,1.3,5.9,"WNBA"
"Kristine Anigwe",36428,"F","F",25,"PHO",10,1,6.5,0.5,1,0.5,0,0,NA,0.5,1,0.5,0.5,1,0.5,0.5,0.8,1.3,0.2,0.1,0.2,0.6,1.2,1.5,"WNBA"
"Kristy Wallace",63389,"G","G",26,"ATL",29,18,20.8,2.3,5.6,0.407,0.9,2.3,0.368,1.4,3.2,0.436,1.1,1.4,0.786,0.6,1.7,2.3,2.2,0.6,0.2,1.5,2,6.6,"WNBA"
"Lexie Brown",72141,"G","G",28,"LAS",34,16,25,2.7,6.2,0.441,1.6,3.9,0.398,1.2,2.3,0.513,0.1,0.2,0.667,0.2,2.1,2.3,2.1,1,0.2,0.8,1.3,7.1,"WNBA"
"Lexie Hull",69224,"G","G",23,"IND",26,4,12.9,1.1,4,0.267,0.3,1.7,0.186,0.8,2.4,0.323,1.4,1.5,0.9,0.4,1.1,1.5,0.7,0.6,0.1,0.7,1.8,3.8,"WNBA"
"Li Yueru",60471,"C","C",23,"CHI",16,0,5.1,0.5,1.1,0.444,0,0,NA,0.5,1.1,0.444,0.8,0.8,1,0.3,1.2,1.5,0.1,0.1,0.1,0.8,0.6,1.8,"WNBA"
"Lindsay Allen",12856,"G","G",27,"MIN",9,0,14.8,2.2,4.2,0.526,0.9,1.6,0.571,1.3,2.7,0.5,1.3,1.4,0.923,0,1.6,1.6,3.4,0.2,0,0.8,1.2,6.7,"WNBA"
"Liz Cambage",141386,"C","C",31,"LAS",25,24,23.4,4.7,9.2,0.509,0.2,0.6,0.286,4.5,8.6,0.523,3.5,4.4,0.784,1.3,5.1,6.4,2.1,0.7,1.6,2.3,3.2,13,"WNBA"
"Lorela Cubaj",63389,"F","F",23,"NYL",11,0,8,0.4,1.1,0.333,0,0,NA,0.4,1.1,0.333,0,0,NA,0.8,1.3,2.1,0.4,0,0.2,0.5,1.1,0.7,"WNBA"
"Marina Mabrey",72141,"G","G",26,"DAL",34,32,28,5.2,12.5,0.42,1.8,5.1,0.351,3.4,7.4,0.468,1.4,2,0.681,0.6,3.1,3.6,3.7,0.8,0.4,2.4,2.5,13.6,"WNBA"
"Marine Johannes",40713,"G","G",27,"NYL",24,10,25.5,3.5,7.5,0.464,2.3,5.3,0.437,1.2,2.2,0.528,0.8,1,0.87,0.2,1.5,1.7,3.4,0.6,0.1,1.8,1.6,10,"WNBA"
"Maya Caldwell",9429,"G","G",23,"ATL",9,7,23.7,4.2,8.2,0.514,2,3.6,0.563,2.2,4.7,0.476,0.4,0.6,0.8,0.6,1.9,2.4,2.2,0.8,0.2,1.6,1.7,10.9,"WNBA"
"Megan Gustafson",72141,"C","C",25,"PHO",33,0,9.6,1.5,2.8,0.549,0.4,0.8,0.462,1.2,2,0.585,0.4,0.5,0.765,0.5,1.4,1.9,0.5,0.2,0.2,0.7,1.9,3.8,"WNBA"
"Megan Walker",24996,"F","F",23,"ATL",12,0,9.6,1.2,3.2,0.368,0.6,1.6,0.368,0.6,1.6,0.368,0.3,0.5,0.667,0.3,0.5,0.8,0.4,0.3,0,1,0.7,3.3,"WNBA"
"Mercedes Russell",160000,"C","C",27,"SEA",5,0,10.7,0.8,1.6,0.5,0,0,NA,0.8,1.6,0.5,0.4,0.6,0.667,0.4,1.4,1.8,0.2,0,0,1.4,1.4,2,"WNBA"
"Michaela Onyenwere",68552,"F","F",23,"NYL",34,1,13.7,1.4,3.8,0.377,0.4,1.5,0.3,1,2.4,0.425,1.4,1.6,0.836,0.4,1.7,2.1,0.4,0.4,0.2,0.7,2,4.7,"WNBA"
"Monique Billings",140000,"F","F",26,"ATL",23,8,17.4,2.4,5.1,0.47,0,0,0,2.4,5,0.474,1.7,2.2,0.765,2,4.4,6.3,1.1,0.8,0.3,1.3,2.3,6.5,"WNBA"
"Moriah Jefferson",238094,"G","G",28,"DAL/MIN",31,30,26.1,3.8,8.4,0.452,1.2,2.5,0.474,2.6,5.9,0.443,1.7,2.1,0.815,0.4,2.1,2.4,4.7,1.2,0.1,2.2,2.2,10.4,"WNBA"
"Myisha Hines-Allen",170000,"F","F",26,"WAS",34,15,19.3,3.4,8.1,0.415,0.9,2.3,0.367,2.5,5.8,0.434,1.3,1.9,0.703,1.1,4.2,5.3,1.9,0.8,0.3,1.7,1.6,8.9,"WNBA"
"NaLyssa Smith",72141,"F","F",22,"IND",32,32,30.7,5,11.9,0.419,1.2,3,0.381,3.8,8.9,0.432,2.4,3.8,0.618,2.2,5.7,7.9,1.4,0.5,0.3,2.4,2.9,13.5,"WNBA"
"Napheesa Collier",72141,"F","F",26,"MIN",4,4,22.7,2.8,6.5,0.423,0.5,1.8,0.286,2.3,4.8,0.474,1.3,1.8,0.714,0.5,2.5,3,1,0.5,0.3,0.3,2.3,7.3,"WNBA"
"Natalie Achonwa",160000,"F","F",29,"MIN",22,0,15.1,2.1,4.1,0.516,0,0.1,0,2.1,4,0.528,1,1.2,0.815,1.1,3,4.1,1.7,0.4,0.3,1,1.6,5.3,"WNBA"
"Natasha Cloud",185000,"G","G",30,"WAS",34,34,31.3,3.6,9.1,0.399,1.3,4,0.319,2.4,5.1,0.462,2.2,2.7,0.824,0.5,3.1,3.6,7,1,0.3,2.8,1.6,10.7,"WNBA"
"Natasha Howard",221450,"F","F",31,"NYL",35,35,29.9,5.9,12.2,0.482,0.9,2.6,0.326,5,9.6,0.525,2.5,3.5,0.715,2,5.3,7.3,2.3,1.3,1,3.2,3.1,15.1,"WNBA"
"Natisha Hiedeman",72141,"G","G",25,"CON",36,31,25,3.3,7.6,0.431,1.9,4.7,0.411,1.4,2.9,0.462,0.7,0.8,0.8,0.2,1.6,1.8,3.3,1.2,0.1,1.3,1.8,9.1,"WNBA"
"Naz Hillmon",63389,"F","F",22,"ATL",34,12,19.8,1.7,3.6,0.48,0,0.1,0,1.7,3.6,0.488,0.9,1.1,0.821,1.5,3.5,5.1,1.2,0.6,0.3,1.2,1.5,4.4,"WNBA"
"Nia Clouden",66306,"G","G",22,"CON",28,0,8.9,0.6,1.9,0.34,0.4,1,0.414,0.2,0.9,0.25,0.4,0.6,0.588,0.1,0.8,0.8,0.8,0.2,0,0.4,0.9,2.1,"WNBA"
"Nia Coffey",130000,"F","F",27,"ATL",16,16,21,2.2,6.3,0.347,0.6,1.9,0.29,1.6,4.4,0.371,1.4,1.9,0.742,0.4,4.8,5.2,0.8,0.6,0.1,2.2,2.2,6.4,"WNBA"
"Nikolina Milic",42359,"F","F",28,"MIN",31,4,11.7,2.4,4.4,0.548,0.2,0.7,0.273,2.2,3.6,0.602,1,1.4,0.738,1.5,1.5,3,0.7,0.3,0.3,1.4,1.8,6,"WNBA"
"Nneka Ogwumike",196267,"F","F",32,"LAS",34,34,31.4,7.3,13.5,0.544,0.6,1.7,0.368,6.7,11.8,0.569,2.8,3.4,0.826,1.4,5.2,6.6,2,1.7,0.4,1.8,2.4,18.1,"WNBA"
"Odyssey Sims",12856,"G","G",30,"CON/MIN",7,0,20.8,2.4,7.6,0.321,0.6,2.1,0.267,1.9,5.4,0.342,1.4,2.1,0.667,0.3,1.6,1.9,2.9,1.1,0.3,1.7,1.6,6.9,"WNBA"
"Olivia Nelson-Ododa",63389,"C","C",22,"LAS",30,6,14.5,1.6,2.8,0.56,0,0,NA,1.6,2.8,0.56,0.9,1.2,0.703,1.1,1.8,2.9,0.4,0.3,0.8,1,2.6,4,"WNBA"
"Queen Egbo",66306,"C","C",22,"IND",34,31,21.2,2.8,6.3,0.442,0,0,NA,2.8,6.3,0.442,1.4,2.2,0.645,1.8,4.4,6.1,0.9,0.9,1.2,1.9,2.9,7,"WNBA"
"Rachel Banham",72141,"G","G",29,"MIN",36,5,17.5,2.8,6.5,0.43,1.6,4.1,0.383,1.2,2.4,0.512,0.7,0.8,0.8,0.1,1.3,1.3,2.3,0.3,0.1,1.3,1.7,7.9,"WNBA"
"Rae Burrell",66306,"F","G-F",22,"LAS",3,1,14.5,0.3,3,0.111,0.3,2,0.167,0,1,0,0.7,0.7,1,0.3,0.7,1,0.3,0.7,0,0.3,1.3,1.7,"WNBA"
"Raina Perez",2245,"G","G",24,"SEA",1,0,2.3,0,0,NA,0,0,NA,0,0,NA,0,0,NA,0,0,0,1,0,0,0,0,0,"WNBA"
"Rebecca Allen",141000,"F","F",30,"NYL",25,19,20.9,2.6,6.8,0.379,1,3.3,0.313,1.5,3.4,0.442,0.8,1,0.833,0.3,3,3.4,1.2,0.8,1,1,1.9,7,"WNBA"
"Rebekah Gardner",60471,"G","G",32,"CHI",35,2,21.7,3.3,6.1,0.542,0.4,1.2,0.357,2.9,4.9,0.587,1.4,1.7,0.8,1.3,2,3.3,1.3,1.4,0.5,1.6,2.3,8.4,"WNBA"
"Rennia Davis",19907,"F","F",23,"IND/MIN",8,0,5.4,0.6,1.6,0.385,0,0.3,0,0.6,1.4,0.455,0,0,NA,0.4,0.6,1,0.1,0.3,0,0.4,0.4,1.3,"WNBA"
"Reshanda Gray",71427,"F","F",29,"SEA/PHO",27,0,8.8,0.9,2.1,0.439,0.1,0.5,0.214,0.8,1.6,0.512,0.2,0.3,0.667,0.6,1.4,2,0.4,0.3,0.2,1,2.1,2.2,"WNBA"
"Rhyne Howard",72141,"F","F",22,"ATL",34,34,31.3,5.4,15,0.361,2.5,7.3,0.343,2.9,7.7,0.379,2.9,3.7,0.792,0.8,3.7,4.5,2.8,1.6,0.8,1.6,2.6,16.2,"WNBA"
"Riquna Williams",145000,"G","G",32,"LVA",21,0,18,2.1,5.6,0.381,1.6,4.4,0.366,0.5,1.2,0.44,0.8,1,0.762,0.2,1.8,2,1.2,0.4,0.1,0.3,1.7,6.7,"WNBA"
"Rui Machida",60471,"G","G",29,"WAS",36,2,12.9,0.7,2.3,0.31,0.2,0.9,0.206,0.5,1.4,0.38,0.2,0.3,0.667,0.2,0.9,1.1,2.6,0.4,0.1,1.1,0.7,1.8,"WNBA"
"Ruthy Hebard",73211,"F","F",24,"CHI",24,0,9.7,1,2,0.51,0,0,NA,1,2,0.51,0.3,0.3,0.75,0.3,1.4,1.7,0.5,0.3,0.1,0.5,1.2,2.3,"WNBA"
"Sabrina Ionescu",76297,"G","G",24,"NYL",36,36,32.3,5.9,14.3,0.411,2.3,6.9,0.333,3.6,7.3,0.485,3.4,3.6,0.931,1,6.1,7.1,6.3,1.1,0.3,3,2.1,17.4,"WNBA"
"Sam Thomas",60471,"F","F",23,"PHO",24,0,4.9,0.2,0.8,0.211,0,0.6,0.067,0.1,0.2,0.75,0,0,1,0.1,0.1,0.2,0.3,0.3,0.1,0.2,0.5,0.4,"WNBA"
"Sami Whitcomb",150350,"G","G",34,"NYL",35,6,21.3,2.1,5.7,0.368,1.7,4.8,0.351,0.4,0.9,0.455,0.6,0.7,0.87,0.3,2.1,2.3,2.3,0.7,0.1,1.4,1.6,6.5,"WNBA"
"Satou Sabally",76297,"F","F",24,"DAL",11,6,21.7,3.7,9.4,0.398,0.9,3.9,0.233,2.8,5.5,0.517,2.9,3.2,0.914,0.8,4,4.8,2.1,0.5,0.2,2.3,3.2,11.3,"WNBA"
"Shakira Austin",72141,"C","C",22,"WAS",36,32,21.6,3.4,6.2,0.547,0,0,0,3.4,6.2,0.55,1.9,3,0.624,1.8,4.7,6.4,0.9,0.8,0.8,1.5,2.3,8.7,"WNBA"
"Shatori Walker-Kimbrough",72141,"G","G",27,"WAS",35,3,20.1,2.3,5.7,0.402,0.7,2.1,0.347,1.5,3.5,0.435,1.6,1.7,0.902,0.3,1.5,1.8,1.5,1.1,0.3,1.1,1.2,6.9,"WNBA"
"Shey Peddy",72141,"F","F",34,"PHO",34,24,28.7,3.4,8.2,0.418,1.4,4.3,0.329,2,3.9,0.515,1.6,1.9,0.889,1.3,2.4,3.8,3.4,1.6,0.2,1.4,1.8,9.9,"WNBA"
"Skylar Diggins-Smith",227900,"G","G",32,"PHO",30,30,34,6.9,16.2,0.429,1.3,4.5,0.296,5.6,11.7,0.48,4.5,5.3,0.844,0.9,3.1,4,5.5,1.5,1,2.7,2.7,19.7,"WNBA"
"Sophie Cunningham",75000,"F","F",26,"PHO",28,20,29.5,4.3,9.5,0.449,2.5,6.3,0.4,1.8,3.3,0.543,1.5,1.7,0.875,0.7,3.7,4.4,1.6,1,0.4,1,3.4,12.6,"WNBA"
"Sparkle Taylor",3592,"G","G",27,"CHI",2,0,12.3,2.5,3,0.833,0,0.5,0,2.5,2.5,1,0.5,0.5,1,0,1,1,0,0,0,0.5,1.5,5.5,"WNBA"
"Stefanie Dolson",160000,"C","C",30,"NYL",36,36,23,3.1,6.4,0.493,0.7,1.8,0.394,2.4,4.5,0.534,1.1,1.2,0.905,1.2,3.6,4.8,1.8,0.4,0.8,1.6,3.1,8.1,"WNBA"
"Stephanie Jones",4939,"F","F",24,"WAS/CON",5,0,5.3,0.6,1.6,0.375,0.2,0.4,0.5,0.4,1.2,0.333,0.4,0.4,1,0.2,0.2,0.4,0.4,0.2,0,0,1,1.8,"WNBA"
"Stephanie Talbot",72141,"F","F",28,"SEA",34,1,16.1,1.9,4.1,0.464,0.9,2.1,0.397,1,1.9,0.538,0.4,0.7,0.583,0.7,2.5,3.1,1.3,0.7,0.3,1.1,1.3,5,"WNBA"
"Sue Bird",72141,"G","G",42,"SEA",31,31,26.4,2.7,6.8,0.403,1.8,4.6,0.389,0.9,2.2,0.433,0.5,0.5,1,0.2,1.7,1.9,6,1.2,0.1,1.9,0.7,7.8,"WNBA"
"Sydney Colson",72141,"G","G",33,"LVA",18,0,6.8,0.6,1.8,0.313,0.2,0.6,0.273,0.4,1.2,0.333,0.3,0.3,1,0.2,0.3,0.4,1,0.1,0,0.4,0.8,1.6,"WNBA"
"Sylvia Fowles",2e+05,"C","C",37,"MIN",30,30,27.7,6.1,9.9,0.622,0,0,NA,6.1,9.9,0.622,2.1,3.2,0.66,2.5,7.3,9.8,1.2,1,1.2,2.1,2.4,14.4,"WNBA"
"Teaira McCowan",72141,"C","C",26,"DAL",33,15,18.9,4.2,7,0.602,0,0,NA,4.2,7,0.602,2.5,4.2,0.6,3,4.1,7,0.8,0.3,0.7,1.7,3.1,11,"WNBA"
"Theresa Plaisance",72141,"F","F",30,"LVA",31,2,12.9,1.4,3.7,0.371,1,2.9,0.348,0.4,0.9,0.444,0.2,0.3,0.7,0.5,2.1,2.6,0.5,0.3,0.4,0.6,1.3,4,"WNBA"
"Tianna Hawkins",72141,"F","F",31,"WAS",25,0,12.8,1.8,4.6,0.386,0.6,2.1,0.264,1.2,2.4,0.492,0.8,0.8,0.952,0.6,1.8,2.4,0.8,0.4,0.1,1.2,1.7,4.9,"WNBA"
"Tiffany Hayes",215000,"G","G",33,"ATL",12,11,25.2,5.5,10.1,0.545,1.5,3.5,0.429,4,6.6,0.608,2.3,3.4,0.683,0.3,3.1,3.3,1.9,0.7,0.1,1.8,2.8,14.8,"WNBA"
"Tiffany Mitchell",148400,"F","F",28,"IND",34,8,16.3,2.4,5.4,0.451,0.4,0.9,0.387,2.1,4.4,0.464,1.3,1.5,0.865,0.6,0.6,1.2,1.2,0.8,0.1,0.9,1.4,6.5,"WNBA"
"Tina Charles",90958,"C","C",33,"SEA/PHO",34,26,28.9,5.8,12.7,0.457,1.1,3.2,0.355,4.7,9.5,0.492,2,2.4,0.827,1.5,5.8,7.3,2,0.7,0.7,2.1,2.8,14.8,"WNBA"
"Tina Krajisnik",8532,"F","F-C",31,"CHI",2,0,2.7,0,0.5,0,0,0,NA,0,0.5,0,0,0,NA,0,0,0,1,0.5,0,0,1,0,"WNBA"
"Tyasha Harris",73211,"G","G",24,"DAL",35,5,15.8,2,4.7,0.418,0.5,1.5,0.315,1.5,3.2,0.468,0.5,0.7,0.792,0.2,0.7,0.9,2.8,0.4,0.1,1.1,1,5,"WNBA"
"Veronica Burton",69224,"G","G",22,"DAL",36,6,15.2,0.7,2.1,0.329,0.3,1.2,0.279,0.4,0.9,0.394,0.9,0.9,1,0.5,1,1.5,1.9,0.9,0.3,1,1.4,2.6,"WNBA"
"Victoria Vivians",72141,"G","G",27,"IND",35,30,26.9,3.6,10.7,0.336,1.3,4.5,0.28,2.3,6.2,0.376,1.3,1.8,0.742,0.7,2.9,3.6,2.4,1.1,0.3,2.1,2.4,9.8,"WNBA"
"Yvonne Anderson",23350,"G","G",32,"CON",11,0,9.2,1.1,2.4,0.462,0.4,0.9,0.4,0.7,1.5,0.5,0.6,0.6,1,0.3,0.5,0.8,1.1,0.3,0.2,1,1.3,3.2,"WNBA"
"Yvonne Turner",11250,"G","G",35,"PHO/ATL/MIN",9,2,15.4,1.3,4.1,0.324,0.3,0.8,0.429,1,3.3,0.3,1,1.2,0.818,0.3,1.2,1.6,2,0.3,0,1.4,1.3,4,"WNBA"
