PLAYER,2022 SALARY,2022 SIGNING,G,GS,MIN,PTS,FGM,FGA,FG%,2:00 PM,2PA,2P%,3:00 PM,3PA,3P%,FTM,FTA,FT%,ORB,DRB,TRB,AST,TOV,STL,BLK,PF
Breanna Stewart,"$228,094",UFA,34,34,30.9,21.8,7.5,15.9,47.20%,5.5,10.7,51.80%,2,5.2,37.90%,4.8,5.8,83.70%,1.4,6.2,7.6,2.9,1.3,1.6,0.9,2.1
Kelsey Plum,"$180,250",--,36,36,32.8,20.2,6.8,14.8,46.00%,3.6,7.3,50.00%,3.1,7.5,42.00%,3.5,4.1,83.90%,0.3,2.4,2.7,5.1,2.6,1,0.1,2.5
Skylar Diggins-Smith,"$227,900",--,30,30,34,19.7,6.9,16.2,42.90%,5.6,11.7,48.00%,1.3,4.5,29.60%,4.5,5.3,84.40%,0.9,3.1,4,5.5,2.7,1.5,1,2.7
Arike Ogunbowale,"$72,141",--,30,30,31.4,19.7,6.8,17,40.00%,4,9.1,44.20%,2.8,7.9,35.20%,3.3,4.1,79.80%,0.6,2.7,3.3,3.6,1.8,1.5,0.1,2.2
A'ja Wilson,"$196,267",RFA,36,36,30,19.5,7.2,14.4,50.10%,6.4,12.1,52.50%,0.9,2.3,37.30%,4.2,5.2,81.30%,1.8,7.6,9.4,2.1,1.7,1.4,1.9,2.1
Kelsey Mitchell,"$200,000",--,31,31,32.6,18.4,6.3,14.4,43.80%,4,8.7,45.80%,2.3,5.7,40.90%,3.4,3.9,86.10%,0.5,1.5,1.9,4.2,2.4,0.9,0.2,2.3
Nneka Ogwumike,"$196,267",Core,34,34,31.4,18.1,7.3,13.5,54.40%,6.7,11.8,56.90%,0.6,1.7,36.80%,2.8,3.4,82.60%,1.4,5.2,6.6,2,1.8,1.7,0.4,2.4
Sabrina Ionescu,"$76,297",--,36,36,32.3,17.4,5.9,14.3,41.10%,3.6,7.3,48.50%,2.3,6.9,33.30%,3.4,3.6,93.10%,1,6.1,7.1,6.3,3,1.1,0.3,2.1
Elena Delle Donne,"$227,900",--,25,25,27.8,17.2,6.2,12.9,48.00%,4.8,9.1,52.60%,1.4,3.8,36.80%,3.4,3.7,91.30%,1.2,5.1,6.3,2.3,1.1,0.5,1.1,1.4
Diana Taurasi,"$228,094",UFA,31,31,31,16.7,4.8,13,37.30%,1.9,4.2,45.00%,3,8.8,33.70%,4.1,4.6,89.40%,0.3,3.2,3.4,3.9,2.7,0.7,0.6,2.9
Jewell Loyd,"$228,094",Core,36,36,30.3,16.3,5.6,14.1,39.60%,3.3,8.1,40.30%,2.3,6.1,38.50%,2.8,3.1,89.30%,0.6,2.1,2.6,3.4,2.2,1.1,0.2,1.8
Rhyne Howard,"$72,141",Rookie,34,34,31.3,16.2,5.4,15,36.10%,2.9,7.7,37.90%,2.5,7.3,34.30%,2.9,3.7,79.20%,0.8,3.7,4.5,2.8,1.6,1.6,0.8,2.6
Jackie Young,"$72,141",--,34,34,33.2,15.9,5.6,11.8,47.60%,4.1,8.4,49.50%,1.5,3.4,43.10%,3.2,3.8,85.90%,1.3,3.1,4.4,3.9,1.3,1.4,0.2,2.4
Kahleah Copper,"$200,000",Core,31,31,28.8,15.7,5.7,11.8,48.10%,4.5,8.5,52.80%,1.2,3.3,35.60%,3.2,4.2,77.50%,1,4.6,5.7,2.3,2,0.5,0,2.4
Natasha Howard,"$221,450",Core,35,35,29.9,15.1,5.9,12.2,48.20%,5,9.6,52.50%,0.9,2.6,32.60%,2.5,3.5,71.50%,2,5.3,7.3,2.3,3.2,1.3,1,3.1
Tiffany Hayes,"$215,000",UFA,12,11,25.2,14.8,5.5,10.1,54.50%,4,6.6,60.80%,1.5,3.5,42.90%,2.3,3.4,68.30%,0.3,3.1,3.3,1.9,1.8,0.7,0.1,2.8
Tina Charles,"$56,673",UFA,34,26,28.9,14.8,5.8,12.7,45.70%,4.7,9.5,49.20%,1.1,3.2,35.50%,2,2.4,82.70%,1.5,5.8,7.3,2,2.1,0.7,0.7,2.8
Tina Charles,"$34,285",UFA,34,26,28.9,14.8,5.8,12.7,45.70%,4.7,9.5,49.20%,1.1,3.2,35.50%,2,2.4,82.70%,1.5,5.8,7.3,2,2.1,0.7,0.7,2.8
Ariel Atkins,"$170,000",--,36,36,30,14.6,5.1,12.2,42.00%,3.2,6.9,46.40%,1.9,5.3,36.50%,2.4,2.9,84.50%,0.9,2.3,3.3,2.3,1.4,1.3,0.3,2.8
Jonquel Jones,"$205,000",Core,33,32,26.4,14.6,5.3,10.4,51.30%,4.1,7,58.20%,1.2,3.4,36.90%,2.7,3.4,80.20%,2.6,6,8.6,1.8,2.6,1.1,1.2,2.7
Aerial Powers,"$196,267",UFA,35,31,27,14.4,4.9,12.6,38.50%,3.9,9.5,41.00%,0.9,3.1,30.80%,3.8,4.6,81.50%,1.3,3.4,4.7,2.9,2.6,1.2,0.3,1.8
Sylvia Fowles,"$200,000",UFA,30,30,27.7,14.4,6.1,9.9,62.20%,6.1,9.9,62.20%,0,0,--,2.1,3.2,66.00%,2.5,7.3,9.8,1.2,2.1,1,1.2,2.4
Brionna Jones,"$120,000",RFA,36,7,25.1,13.8,5.2,9.1,56.90%,5.2,8.9,57.90%,0,0.2,0.00%,3.4,4.1,84.40%,2.6,2.5,5.1,1.2,1.5,1.2,0.4,2.6
Chelsea Gray,"$206,267",UFA,35,35,29.7,13.7,5.2,10.7,49.10%,4.3,7.8,54.60%,1,2.9,34.00%,2.3,2.5,91.00%,0.3,2.9,3.2,6.1,2.3,1.6,0.3,1.5
Marina Mabrey,"$72,141",--,34,32,28,13.6,5.2,12.5,42.00%,3.4,7.4,46.80%,1.8,5.1,35.10%,1.4,2,68.10%,0.6,3.1,3.6,3.7,2.4,0.8,0.4,2.5
NaLyssa Smith,"$72,141",Rookie,32,32,30.7,13.5,5,11.9,41.90%,3.8,8.9,43.20%,1.2,3,38.10%,2.4,3.8,61.80%,2.2,5.7,7.9,1.4,2.4,0.5,0.3,2.9
DeWanna Bonner,"$227,900",--,33,33,30,13.5,4.7,10.8,43.90%,3.3,6.5,51.20%,1.4,4.2,32.90%,2.6,3.2,82.70%,0.8,4,4.7,2.8,1.6,1.2,0.3,1.8
Alyssa Thomas,"$206,000",UFA,36,36,32.1,13.4,5.2,10.4,50.00%,5.2,10.4,50.30%,0,0.1,0.00%,3,4.1,73.00%,2.1,6.1,8.2,6.1,2.9,1.7,0.2,2.8
Allisha Gray,"$164,800",RFA,33,33,32.9,13.3,4.4,10.5,42.30%,2.5,5.7,43.60%,1.9,4.8,40.80%,2.5,3.2,79.80%,0.9,3.9,4.8,2.5,1.3,1.1,0.7,2.4
Kayla McBride,"$196,267",UFA,31,31,29.8,13.3,4.4,10.9,40.50%,2.9,6.6,43.70%,1.5,4.3,35.60%,2.9,3.2,90.90%,0.5,2.3,2.8,2.1,1.5,1,0.1,1.4
Candace Parker,"$195,000",UFA,32,32,28.2,13.2,5,10.8,45.80%,3.7,6.6,55.20%,1.3,4.2,31.10%,1.9,2.4,81.60%,0.9,7.7,8.6,4.5,2.4,1,1,2.2
Diamond DeShields,"$150,000",RFA,30,19,25.3,13.1,4.7,12.2,38.80%,4,9.2,43.70%,0.7,3,23.60%,2.9,3.8,76.50%,0.6,3.2,3.8,2.2,2.3,1,0.5,3.3
Liz Cambage,"$141,386",UFA,25,24,23.4,13,4.7,9.2,50.90%,4.5,8.6,52.30%,0.2,0.6,28.60%,3.5,4.4,78.40%,1.3,5.1,6.4,2.1,2.3,0.7,1.6,3.2
Brittney Sykes,"$113,300",RFA,32,24,28.8,12.7,4.8,11,43.30%,4.3,9.3,46.20%,0.4,1.6,26.90%,2.7,3.5,77.00%,0.7,2.9,3.7,3.7,2.6,2,0.7,2.6
Sophie Cunningham,"$75,000",UFA,28,20,29.5,12.6,4.3,9.5,44.90%,1.8,3.3,54.30%,2.5,6.3,40.00%,1.5,1.7,87.50%,0.7,3.7,4.4,1.6,1,1,0.4,3.4
Emma Meesseman,"$185,000",UFA,36,36,28.6,12.4,5.4,9.4,57.10%,5,8.4,59.90%,0.4,1.1,34.20%,1.3,1.5,88.70%,1.7,3.8,5.5,3.8,1.4,1.4,0.8,2.5
Cheyenne Parker-Tyus,"$190,550",UFA,36,35,26.2,11.8,4.9,9.8,50.00%,4.6,8.3,55.20%,0.3,1.5,21.80%,1.7,2.2,79.50%,1.6,4.5,6.2,2,2,1,0.9,2.7
Courtney Vandersloot,"$195,000",UFA,32,32,26.5,11.8,4.3,8.8,48.10%,3.3,6.4,52.50%,0.9,2.5,36.70%,2.3,3.1,76.50%,0.7,3.2,3.9,6.5,2.7,1.2,0.5,1.7
Allie Quigley,"$135,000",UFA,34,34,26.3,11.4,3.8,8.9,42.80%,2.4,4.8,49.10%,1.5,4.1,35.50%,2.2,2.4,95.00%,0.5,2,2.5,2.9,1.3,0.7,0.2,1.5
Satou Sabally,"$76,297",--,11,6,21.7,11.3,3.7,9.4,39.80%,2.8,5.5,51.70%,0.9,3.9,23.30%,2.9,3.2,91.40%,0.8,4,4.8,2.1,2.3,0.5,0.2,3.2
Betnijah Laney-Hamilton,"$196,267",UFA,9,6,28.3,11.2,4.2,10,42.20%,3,6.8,44.30%,1.2,3.2,37.90%,1.6,1.8,87.50%,0.1,3.2,3.3,2.8,2.7,0.4,0.1,2.7
Courtney Williams,"$103,000",UFA,34,34,28,11.1,4.9,11.4,42.60%,4.2,9.5,44.40%,0.6,1.9,33.80%,0.8,1.1,75.00%,0.9,3.7,4.6,3.3,1.7,1,0.4,1.6
Aari McDonald,"$71,441",Rookie,36,6,24.3,11.1,3.6,8.9,41.10%,2.3,4.9,46.90%,1.3,3.9,33.80%,2.4,2.8,87.10%,0.4,1.8,2.3,2.6,2.2,1.5,0,2.2
Teaira McCowan,"$72,141",--,33,15,18.9,11,4.2,7,60.20%,4.2,7,60.20%,0,0,--,2.5,4.2,60.00%,3,4.1,7,0.8,1.7,0.3,0.7,3.1
Maya Caldwell,"$4,490",Hardship,9,7,23.7,10.9,4.2,8.2,51.40%,2.2,4.7,47.60%,2,3.6,56.30%,0.4,0.6,80.00%,0.6,1.9,2.4,2.2,1.6,0.8,0.2,1.7
Maya Caldwell,"$3,143",Hardship,9,7,23.7,10.9,4.2,8.2,51.40%,2.2,4.7,47.60%,2,3.6,56.30%,0.4,0.6,80.00%,0.6,1.9,2.4,2.2,1.6,0.8,0.2,1.7
Maya Caldwell,"$1,796",Hardship,9,7,23.7,10.9,4.2,8.2,51.40%,2.2,4.7,47.60%,2,3.6,56.30%,0.4,0.6,80.00%,0.6,1.9,2.4,2.2,1.6,0.8,0.2,1.7
Natasha Cloud,"$185,000",SuspCE,34,34,31.3,10.7,3.6,9.1,39.90%,2.4,5.1,46.20%,1.3,4,31.90%,2.2,2.7,82.40%,0.5,3.1,3.6,7,2.8,1,0.3,1.6
Azurá Stevens,"$140,000",--,35,8,21.9,10.6,4.3,9.1,47.20%,3.1,5.8,53.50%,1.2,3.3,36.20%,0.8,1.1,74.40%,0.6,3.3,3.9,0.8,0.7,0.5,1.1,1.7
Moriah Jefferson,"$170,953",--,31,30,26.1,10.4,3.8,8.4,45.20%,2.6,5.9,44.30%,1.2,2.5,47.40%,1.7,2.1,81.50%,0.4,2.1,2.4,4.7,2.2,1.2,0.1,2.2
Moriah Jefferson,"$67,141",UFA,31,30,26.1,10.4,3.8,8.4,45.20%,2.6,5.9,44.30%,1.2,2.5,47.40%,1.7,2.1,81.50%,0.4,2.1,2.4,4.7,2.2,1.2,0.1,2.2
Marine Johannes,"$40,713",ROS,24,10,25.5,10,3.5,7.5,46.40%,1.2,2.2,52.80%,2.3,5.3,43.70%,0.8,1,87.00%,0.2,1.5,1.7,3.4,1.8,0.6,0.1,1.6
Shey Peddy,"$72,141",Reserved,34,24,28.7,9.9,3.4,8.2,41.80%,2,3.9,51.50%,1.4,4.3,32.90%,1.6,1.9,88.90%,1.3,2.4,3.8,3.4,1.4,1.6,0.2,1.8
Victoria Vivians,"$72,141",Reserved,35,30,26.9,9.8,3.6,10.7,33.60%,2.3,6.2,37.60%,1.3,4.5,28.00%,1.3,1.8,74.20%,0.7,2.9,3.6,2.4,2.1,1.1,0.3,2.4
Katie Lou Samuelson,"$72,141",--,32,29,29.5,9.7,3.3,9,37.30%,1.6,4,39.80%,1.8,5,35.20%,1.3,1.5,83.70%,0.5,2.4,3,1.9,1.1,1,0.2,1.6
Ezi Magbegor,"$60,471",--,33,23,24.7,9.5,4,7.3,55.00%,3.7,6.5,57.70%,0.3,0.9,34.50%,1.2,1.6,73.60%,1.6,4,5.6,1.4,1.4,0.9,1.8,2.9
Dearica Hamby,"$152,800",--,34,32,26.5,9.3,3.4,7.3,46.60%,2.9,5.2,56.80%,0.5,2.1,21.90%,2,2.7,72.00%,1.4,5.6,7.1,1.1,1.5,1.1,0.1,2
Jordin Canada,"$98,000",UFA,32,25,27,9.2,3.3,8.5,38.40%,3,6.9,43.90%,0.2,1.6,14.00%,2.5,3.1,80.60%,0.2,2.1,2.3,5.5,2.3,1.4,0.2,1.8
Natisha Hiedeman,"$72,141",Reserved,36,31,25,9.1,3.3,7.6,43.10%,1.4,2.9,46.20%,1.9,4.7,41.10%,0.7,0.8,80.00%,0.2,1.6,1.8,3.3,1.3,1.2,0.1,1.8
Myisha Hines-Allen,"$170,000",RFA,34,15,19.3,8.9,3.4,8.1,41.50%,2.5,5.8,43.40%,0.9,2.3,36.70%,1.3,1.9,70.30%,1.1,4.2,5.3,1.9,1.7,0.8,0.3,1.6
Chennedy Carter,"$76,297",--,24,2,16.4,8.9,3.5,7.9,45.00%,3.5,7.5,46.40%,0.1,0.4,20.00%,1.7,2.3,74.50%,0.4,1.5,1.9,1.9,1.8,0.6,0.4,2.2
Isabelle Harrison,"$159,000",--,35,18,18.4,8.7,3.3,7.1,46.60%,3.3,7.1,46.20%,0.1,0.1,100.00%,2.1,2.4,86.70%,1.4,2.9,4.3,1.3,1.3,0.7,0.1,2.1
Shakira Austin,"$72,141",Rookie,36,32,21.6,8.7,3.4,6.2,54.70%,3.4,6.2,55.00%,0,0,0.00%,1.9,3,62.40%,1.8,4.7,6.4,0.9,1.5,0.8,0.8,2.3
Han Xu,"$60,471",Rookie,32,0,16.8,8.5,3.4,6.9,49.30%,2.9,5.8,50.30%,0.5,1.1,44.40%,1.2,1.5,79.60%,1.2,2.4,3.6,0.9,0.7,0.5,0.7,1
Rebekah Gardner,"$60,471",UFA,35,2,21.7,8.4,3.3,6.1,54.20%,2.9,4.9,58.70%,0.4,1.2,35.70%,1.4,1.7,80.00%,1.3,2,3.3,1.3,1.6,1.4,0.5,2.3
Erica Wheeler,"$185,400",--,30,30,26.3,8.4,3.3,9.2,35.50%,2.5,6.8,36.50%,0.8,2.4,32.90%,1,1.4,75.60%,0.6,2.5,3.1,3.9,2.5,1.1,0.1,2.5
Jessica Shepard,"$60,471",--,36,22,26.1,8.1,3,6,50.00%,2.8,5.3,53.10%,0.2,0.7,25.00%,1.9,2.6,73.40%,2,5.4,7.4,3,1.7,0.4,0.3,2.1
Stefanie Dolson,"$160,000",UFA,36,36,23,8.1,3.1,6.4,49.30%,2.4,4.5,53.40%,0.7,1.8,39.40%,1.1,1.2,90.50%,1.2,3.6,4.8,1.8,1.6,0.4,0.8,3.1
Alysha Clark,"$183,000",UFA,29,29,26.4,8,3.1,6.8,46.40%,2.1,3.3,62.90%,1,3.4,30.30%,0.7,0.8,91.30%,0.8,3.7,4.5,2,1.3,1,0.3,1.9
Kayla Thornton,"$107,040",--,36,35,29.2,8,2.7,5.8,46.90%,2,3.6,55.40%,0.7,2.1,32.50%,1.9,2.3,82.90%,1.8,4.1,5.9,1.8,1.2,1.1,0.6,2.7
Rachel Banham,"$72,141",UFA,36,5,17.5,7.9,2.8,6.5,43.00%,1.2,2.4,51.20%,1.6,4.1,38.30%,0.7,0.8,80.00%,0.1,1.3,1.3,2.3,1.3,0.3,0.1,1.7
Sue Bird,"$72,141",UFA,31,31,26.4,7.8,2.7,6.8,40.30%,0.9,2.2,43.30%,1.8,4.6,38.90%,0.5,0.5,100.00%,0.2,1.7,1.9,6,1.9,1.2,0.1,0.7
Gabby Williams,"$144,000",--,36,36,25.6,7.5,3,6.8,44.40%,2.5,4.8,52.00%,0.5,1.9,25.70%,1,1.3,77.80%,1.2,3.8,5,3.1,1.4,1.5,0.4,1.6
Danielle Robinson,"$155,000",UFA,31,30,23.6,7.4,2.7,6.5,41.90%,2.5,5.3,46.60%,0.3,1.3,22.50%,1.6,1.9,85.00%,0.4,2.5,2.9,3.8,1.6,0.7,0.2,1.4
Napheesa Collier,"$72,141",--,4,4,22.7,7.3,2.8,6.5,42.30%,2.3,4.8,47.40%,0.5,1.8,28.60%,1.3,1.8,71.40%,0.5,2.5,3,1,0.3,0.5,0.3,2.3
Lexie Brown,"$72,141",RFA,34,16,25,7.1,2.7,6.2,44.10%,1.2,2.3,51.30%,1.6,3.9,39.80%,0.1,0.2,66.70%,0.2,2.1,2.3,2.1,0.8,1,0.2,1.3
Queen Egbo,"$66,306",Rookie,34,31,21.2,7,2.8,6.3,44.20%,2.8,6.3,44.20%,0,0,--,1.4,2.2,64.50%,1.8,4.4,6.1,0.9,1.9,0.9,1.2,2.9
Chiney Ogwumike,"$116,390",SuspCE,26,7,18.4,7,2.7,5.7,46.60%,2.3,5,46.90%,0.3,0.7,44.40%,1.4,2,70.60%,2,3.5,5.5,1.1,1.4,0.7,0.3,2.7
Rebecca Allen,"$141,000",UFA,25,19,20.9,7,2.6,6.8,37.90%,1.5,3.4,44.20%,1,3.3,31.30%,0.8,1,83.30%,0.3,3,3.4,1.2,1,0.8,1,1.9
Asia (AD) Durr,"$68,260",--,25,2,14.7,7,2.4,6.1,39.50%,1.5,3.8,38.90%,0.9,2.3,40.40%,1.2,1.6,79.50%,0.3,0.9,1.2,1.2,0.9,0.4,0.2,1.3
Shatori Walker-Kimbrough,"$72,141",UFA,35,3,20.1,6.9,2.3,5.7,40.20%,1.5,3.5,43.50%,0.7,2.1,34.70%,1.6,1.7,90.20%,0.3,1.5,1.8,1.5,1.1,1.1,0.3,1.2
Odyssey Sims,"$3,750",Hardship,7,0,20.8,6.9,2.4,7.6,32.10%,1.9,5.4,34.20%,0.6,2.1,26.70%,1.4,2.1,66.70%,0.3,1.6,1.9,2.9,1.7,1.1,0.3,1.6
Odyssey Sims,"$2,678",Hardship,7,0,20.8,6.9,2.4,7.6,32.10%,1.9,5.4,34.20%,0.6,2.1,26.70%,1.4,2.1,66.70%,0.3,1.6,1.9,2.9,1.7,1.1,0.3,1.6
Odyssey Sims,"$6,428",UFA,7,0,20.8,6.9,2.4,7.6,32.10%,1.9,5.4,34.20%,0.6,2.1,26.70%,1.4,2.1,66.70%,0.3,1.6,1.9,2.9,1.7,1.1,0.3,1.6
Emma Cannon,"$50,713",UFA,24,2,14,6.8,2.5,4.8,52.60%,2.1,4,53.10%,0.4,0.8,50.00%,1.5,2,72.90%,0.9,2.2,3.1,0.5,0.7,0.6,0.1,2
Emma Cannon,"$2,143",Hardship,24,2,14,6.8,2.5,4.8,52.60%,2.1,4,53.10%,0.4,0.8,50.00%,1.5,2,72.90%,0.9,2.2,3.1,0.5,0.7,0.6,0.1,2
DiJonai Carrington,"$62,774",Rookie,36,2,17.5,6.8,2.3,5.6,41.40%,1.8,3.9,46.10%,0.5,1.7,30.60%,1.6,2.1,75.00%,1.1,2.1,3.1,1.1,1.6,0.8,0.1,1.9
Riquna Williams,"$145,000",UFA,21,0,18,6.7,2.1,5.6,38.10%,0.5,1.2,44.00%,1.6,4.4,36.60%,0.8,1,76.20%,0.2,1.8,2,1.2,0.3,0.4,0.1,1.7
Lindsay Allen,"$8,571",UFA,9,0,14.8,6.7,2.2,4.2,52.60%,1.3,2.7,50.00%,0.9,1.6,57.10%,1.3,1.4,92.30%,0,1.6,1.6,3.4,0.8,0.2,0,1.2
Lindsay Allen,"$1,607",UFA,9,0,14.8,6.7,2.2,4.2,52.60%,1.3,2.7,50.00%,0.9,1.6,57.10%,1.3,1.4,92.30%,0,1.6,1.6,3.4,0.8,0.2,0,1.2
Lindsay Allen,"$2,678",UFA,9,0,14.8,6.7,2.2,4.2,52.60%,1.3,2.7,50.00%,0.9,1.6,57.10%,1.3,1.4,92.30%,0,1.6,1.6,3.4,0.8,0.2,0,1.2
Jasmine Thomas,"$190,000",UFA,5,5,21.8,6.6,1.6,6,26.70%,0.6,3.4,17.60%,1,2.6,38.50%,2.4,2.6,92.30%,0.4,1.8,2.2,3,1.4,0.6,0.2,1.4
Kristy Wallace,"$63,389",Rookie,29,18,20.8,6.6,2.3,5.6,40.70%,1.4,3.2,43.60%,0.9,2.3,36.80%,1.1,1.4,78.60%,0.6,1.7,2.3,2.2,1.5,0.6,0.2,2
Tiffany Mitchell,"$148,400",--,34,8,16.3,6.5,2.4,5.4,45.10%,2.1,4.4,46.40%,0.4,0.9,38.70%,1.3,1.5,86.50%,0.6,0.6,1.2,1.2,0.9,0.8,0.1,1.4
Sami Whitcomb,"$150,350",RFA,35,6,21.3,6.5,2.1,5.7,36.80%,0.4,0.9,45.50%,1.7,4.8,35.10%,0.6,0.7,87.00%,0.3,2.1,2.3,2.3,1.4,0.7,0.1,1.6
Monique Billings,"$140,000",RFA,23,8,17.4,6.5,2.4,5.1,47.00%,2.4,5,47.40%,0,0,0.00%,1.7,2.2,76.50%,2,4.4,6.3,1.1,1.3,0.8,0.3,2.3
Nia Coffey,"$130,000",UFA,16,16,21,6.4,2.2,6.3,34.70%,1.6,4.4,37.10%,0.6,1.9,29.00%,1.4,1.9,74.20%,0.4,4.8,5.2,0.8,2.2,0.6,0.1,2.2
Angel McCoughtry,"$69,000",UFA,2,2,9.9,6,1.5,4,37.50%,1.5,3.5,42.90%,0,0.5,0.00%,3,3,100.00%,0,3,3,1,1.5,0.5,1,1.5
Katie Benzan,"$3,592",Hardship,3,0,8.9,6,1.7,3,55.60%,0,0.7,0.00%,1.7,2.3,71.40%,1,1.3,75.00%,0.3,0.3,0.7,0.3,0.7,0,0.3,2.3
Nikolina Milic,"$31,882",Hardship,31,4,11.7,6,2.4,4.4,54.80%,2.2,3.6,60.20%,0.2,0.7,27.30%,1,1.4,73.80%,1.5,1.5,3,0.7,1.4,0.3,0.3,1.8
Nikolina Milic,"$10,477",UFA,31,4,11.7,6,2.4,4.4,54.80%,2.2,3.6,60.20%,0.2,0.7,27.30%,1,1.4,73.80%,1.5,1.5,3,0.7,1.4,0.3,0.3,1.8
Kristi Toliver,"$196,100",--,11,10,19.8,5.9,1.7,4.6,37.30%,0.5,1.4,40.00%,1.2,3.3,36.10%,1.3,1.5,87.50%,0,0.8,0.8,3.1,2.3,0.4,0,1.3
Sparkle Taylor,"$3,592",Hardship,2,0,12.3,5.5,2.5,3,83.30%,2.5,2.5,100.00%,0,0.5,0.00%,0.5,0.5,100.00%,0,1,1,0,0.5,0,0,1.5
Crystal Dangerfield,"$2,694",Hardship,33,27,21.5,5.5,2,5,39.80%,1.3,2.9,45.30%,0.7,2.2,32.40%,0.8,1,73.50%,0.4,1.6,2,2.6,0.9,0.5,0.1,1.3
Crystal Dangerfield,"$16,166",Hardship,33,27,21.5,5.5,2,5,39.80%,1.3,2.9,45.30%,0.7,2.2,32.40%,0.8,1,73.50%,0.4,1.6,2,2.6,0.9,0.5,0.1,1.3
Crystal Dangerfield,"$25,745",UFA,33,27,21.5,5.5,2,5,39.80%,1.3,2.9,45.30%,0.7,2.2,32.40%,0.8,1,73.50%,0.4,1.6,2,2.6,0.9,0.5,0.1,1.3
Kennedy Burke,"$36,428",--,16,4,13.9,5.4,2.1,4.6,44.60%,1.4,2.6,52.40%,0.7,2,34.40%,0.6,1.1,58.80%,0.5,1.7,2.2,0.4,0.5,1,0.3,1.1
Elizabeth Williams,"$90,000",UFA,30,0,14.9,5.4,2.3,4.7,48.20%,2.3,4.7,48.20%,0,0,--,0.8,1.4,58.10%,1.5,2.3,3.8,0.5,0.6,0.6,0.6,1.5
Destanni Henderson,"$63,389",Rookie,36,5,16.4,5.3,2,4.9,40.10%,1.3,2.9,42.50%,0.7,2,36.60%,0.6,0.9,71.90%,0.8,0.8,1.6,2.5,1.7,0.8,0.1,0.9
Natalie Achonwa,"$160,000",UFA,22,0,15.1,5.3,2.1,4.1,51.60%,2.1,4,52.80%,0,0.1,0.00%,1,1.2,81.50%,1.1,3,4.1,1.7,1,0.4,0.3,1.6
Emily Engstler,"$72,141",Rookie,35,6,18.2,5.2,2.1,5.2,39.60%,1.6,3.9,40.90%,0.5,1.3,35.60%,0.6,1.1,55.30%,2.1,3.1,5.2,1.5,1.4,0.7,1.1,3.1
Damiris Dantas,"$129,150",--,15,15,17.4,5.1,1.9,6.1,30.40%,0.8,2.1,38.70%,1.1,4.1,26.20%,0.3,0.4,83.30%,0.7,3.1,3.8,1.9,1.1,0.2,0.1,1.2
Stephanie Talbot,"$72,141",RFA,34,1,16.1,5,1.9,4.1,46.40%,1,1.9,53.80%,0.9,2.1,39.70%,0.4,0.7,58.30%,0.7,2.5,3.1,1.3,1.1,0.7,0.3,1.3
Tyasha Harris,"$73,211",--,35,5,15.8,5,2,4.7,41.80%,1.5,3.2,46.80%,0.5,1.5,31.50%,0.5,0.7,79.20%,0.2,0.7,0.9,2.8,1.1,0.4,0.1,1
Tianna Hawkins,"$72,141",UFA,25,0,12.8,4.9,1.8,4.6,38.60%,1.2,2.4,49.20%,0.6,2.1,26.40%,0.8,0.8,95.20%,0.6,1.8,2.4,0.8,1.2,0.4,0.1,1.7
Kaela Davis,"$2,143",Hardship,7,0,7.8,4.9,1.9,3,61.90%,1.3,2.1,60.00%,0.6,0.9,66.70%,0.6,0.7,80.00%,0.4,0.9,1.3,0.1,0.9,0.3,0,1.3
Kaela Davis,"$5,357",Hardship,7,0,7.8,4.9,1.9,3,61.90%,1.3,2.1,60.00%,0.6,0.9,66.70%,0.6,0.7,80.00%,0.4,0.9,1.3,0.1,0.9,0.3,0,1.3
Kaela Davis,"$7,500",UFA,7,0,7.8,4.9,1.9,3,61.90%,1.3,2.1,60.00%,0.6,0.9,66.70%,0.6,0.7,80.00%,0.4,0.9,1.3,0.1,0.9,0.3,0,1.3
Kaela Davis,"$1,607",UFA,7,0,7.8,4.9,1.9,3,61.90%,1.3,2.1,60.00%,0.6,0.9,66.70%,0.6,0.7,80.00%,0.4,0.9,1.3,0.1,0.9,0.3,0,1.3
Michaela Onyenwere,"$68,552",Rookie,34,1,13.7,4.7,1.4,3.8,37.70%,1,2.4,42.50%,0.4,1.5,30.00%,1.4,1.6,83.60%,0.4,1.7,2.1,0.4,0.7,0.4,0.2,2
Destiny Slocum,"$4,041",Hardship,3,0,13.7,4.7,1.3,3.7,36.40%,0.3,0.7,50.00%,1,3,33.30%,1,1.7,60.00%,0,1.3,1.3,1.3,1.7,0,0,1.3
Naz Hillmon,"$63,389",Rookie,34,12,19.8,4.4,1.7,3.6,48.00%,1.7,3.6,48.80%,0,0.1,0.00%,0.9,1.1,82.10%,1.5,3.5,5.1,1.2,1.2,0.6,0.3,1.5
Alanna Smith,"$19,285",UFA,9,1,12.8,4.3,1.6,4.7,33.30%,0.9,1.9,47.10%,0.7,2.8,24.00%,0.6,0.8,71.40%,0.9,1.8,2.7,0.6,0.9,0.9,0.7,1.9
Bridget Carleton,"$72,141",Reserved,36,2,16.8,4.3,1.5,3.7,40.30%,0.7,1.4,48.10%,0.8,2.3,35.40%,0.5,0.7,73.10%,0.3,1.8,2.1,1.1,0.6,0.4,0.1,1.6
Brianna Turner,"$72,141",--,35,35,33.4,4.3,1.9,3.2,60.70%,1.9,3.2,60.70%,0,0,--,0.4,0.9,50.00%,2,4.8,6.8,2.3,1.4,1.3,1.6,2.3
Dana Evans,"$62,774",Rookie,33,1,11.5,4.3,1.5,3.9,37.70%,0.8,1.9,42.90%,0.7,2,32.80%,0.7,0.8,88.00%,0.2,0.7,0.8,1.2,0.8,0.3,0.1,0.9
Yvonne Turner,"$2,143",Hardship,9,2,15.4,4,1.3,4.1,32.40%,1,3.3,30.00%,0.3,0.8,42.90%,1,1.2,81.80%,0.3,1.2,1.6,2,1.4,0.3,0,1.3
Olivia Nelson-Ododa,"$63,389",Rookie,30,6,14.5,4,1.6,2.8,56.00%,1.6,2.8,56.00%,0,0,--,0.9,1.2,70.30%,1.1,1.8,2.9,0.4,1,0.3,0.8,2.6
Theresa Plaisance,"$72,141",UFA,31,2,12.9,4,1.4,3.7,37.10%,0.4,0.9,44.40%,1,2.9,34.80%,0.2,0.3,70.00%,0.5,2.1,2.6,0.5,0.6,0.3,0.4,1.3
Yvonne Turner,"$5,357",Hardship,9,2,15.4,4,1.3,4.1,32.40%,1,3.3,30.00%,0.3,0.8,42.90%,1,1.2,81.80%,0.3,1.2,1.6,2,1.4,0.3,0,1.3
Yvonne Turner,"$3,750",Hardship,9,2,15.4,4,1.3,4.1,32.40%,1,3.3,30.00%,0.3,0.8,42.90%,1,1.2,81.80%,0.3,1.2,1.6,2,1.4,0.3,0,1.3
Epiphanny Prince,"$115,000",UFA,33,0,12.3,3.9,1.3,3.8,35.50%,0.7,2,35.40%,0.6,1.8,35.60%,0.6,0.8,84.00%,0.2,0.8,1,1.8,0.5,0.6,0.1,0.9
Lexie Hull,"$69,224",Rookie,26,4,12.9,3.8,1.1,4,26.70%,0.8,2.4,32.30%,0.3,1.7,18.60%,1.4,1.5,90.00%,0.4,1.1,1.5,0.7,0.7,0.6,0.1,1.8
Iliana Rupert,"$37,420",Rookie,17,0,13.1,3.8,1.5,3.2,46.30%,0.6,0.9,68.80%,0.8,2.2,36.80%,0.1,0.2,33.30%,0.6,1.6,2.3,0.9,0.5,0.4,0,2.1
Jantel Lavender,"$114,000",UFA,27,4,12.2,3.8,1.7,4.1,40.90%,1.5,3.2,46.50%,0.2,0.9,20.80%,0.3,0.4,66.70%,1,2.3,3.3,0.9,0.9,0.1,0.1,1.1
Jantel Lavender,"$72,141",UFA,27,4,12.2,3.8,1.7,4.1,40.90%,1.5,3.2,46.50%,0.2,0.9,20.80%,0.3,0.4,66.70%,1,2.3,3.3,0.9,0.9,0.1,0.1,1.1
Megan Gustafson,"$72,141",UFA,33,0,9.6,3.8,1.5,2.8,54.90%,1.2,2,58.50%,0.4,0.8,46.20%,0.4,0.5,76.50%,0.5,1.4,1.9,0.5,0.7,0.2,0.2,1.9
Briann January,"$140,000",UFA,36,5,16.9,3.7,1.3,3.4,37.70%,0.6,1.3,47.90%,0.6,2.1,31.10%,0.5,0.6,82.60%,0.2,0.8,1,2.4,1.5,0.6,0.2,1.6
Alaina Coates,"$24,999",UFA,8,0,9.4,3.5,0.9,1.4,63.60%,0.9,1.4,63.60%,0,0,--,1.8,1.9,93.30%,0.8,1.3,2,0.3,0.6,0.3,0.4,2.3
Jennie Simms,"$8,083",Hardship,23,4,13.2,3.4,1.3,2.7,47.60%,1.1,1.9,59.10%,0.2,0.8,21.10%,0.7,0.8,78.90%,0.6,1.7,2.2,0.9,1,0.5,0,1.7
Jennie Simms,"$10,477",UFA,23,4,13.2,3.4,1.3,2.7,47.60%,1.1,1.9,59.10%,0.2,0.8,21.10%,0.7,0.8,78.90%,0.6,1.7,2.2,0.9,1,0.5,0,1.7
Jennie Simms,"$12,573",UFA,23,4,13.2,3.4,1.3,2.7,47.60%,1.1,1.9,59.10%,0.2,0.8,21.10%,0.7,0.8,78.90%,0.6,1.7,2.2,0.9,1,0.5,0,1.7
Megan Walker,"$24,996",--,12,0,9.6,3.3,1.2,3.2,36.80%,0.6,1.6,36.80%,0.6,1.6,36.80%,0.3,0.5,66.70%,0.3,0.5,0.8,0.4,1,0.3,0,0.7
Yvonne Anderson,"$23,350",UFA,11,0,9.2,3.2,1.1,2.4,46.20%,0.7,1.5,50.00%,0.4,0.9,40.00%,0.6,0.6,100.00%,0.3,0.5,0.8,1.1,1,0.3,0.2,1.3
Bria Hartley,"$23,000",UFA,13,0,9.5,3,1.1,2.8,37.80%,0.5,1.5,35.00%,0.5,1.3,41.20%,0.3,0.5,66.70%,0.1,0.8,0.9,1.1,0.8,0.3,0,0.5
Bria Hartley,"$175,911",--,13,0,9.5,3,1.1,2.8,37.80%,0.5,1.5,35.00%,0.5,1.3,41.20%,0.3,0.5,66.70%,0.1,0.8,0.9,1.1,0.8,0.3,0,0.5
Karlie Samuelson,"$3,214",Hardship,1,0,10.2,3,1,3,33.30%,0,0,--,1,3,33.30%,0,0,--,0,3,3,1,1,0,0,1
Julie Allemand,"$61,049",--,25,4,16.1,3,1,2.4,41.70%,0.6,1.2,55.20%,0.4,1.2,29.00%,0.6,0.7,83.30%,0.4,1.2,1.6,3.4,1.3,0.6,0.1,0.9
Evina Westbrook,"$26,344",UFA,20,2,10.2,2.8,1,2.7,37.70%,0.8,1.7,45.50%,0.3,1,25.00%,0.6,0.8,73.30%,0.1,1,1,1.2,0.8,0.4,0.4,0.9
Evina Westbrook,"$12,573",UFA,20,2,10.2,2.8,1,2.7,37.70%,0.8,1.7,45.50%,0.3,1,25.00%,0.6,0.8,73.30%,0.1,1,1,1.2,0.8,0.4,0.4,0.9
Evina Westbrook,"$16,764",UFA,20,2,10.2,2.8,1,2.7,37.70%,0.8,1.7,45.50%,0.3,1,25.00%,0.6,0.8,73.30%,0.1,1,1,1.2,0.8,0.4,0.4,0.9
Awak Kuier,"$71,441",Rookie,33,0,12.6,2.8,1,2.6,39.50%,0.9,2,46.20%,0.1,0.6,19.00%,0.6,0.9,61.30%,0.7,1.8,2.5,0.9,0.6,0.4,0.9,0.8
Kianna Smith,"$8,382",UFA,11,0,10.2,2.6,1,3.2,31.40%,0.5,1.5,35.30%,0.5,1.6,27.80%,0.2,0.2,100.00%,0.5,0.4,0.8,0.5,0.4,0.4,0,1
Kianna Smith,"$9,285",UFA,11,0,10.2,2.6,1,3.2,31.40%,0.5,1.5,35.30%,0.5,1.6,27.80%,0.2,0.2,100.00%,0.5,0.4,0.8,0.5,0.4,0.4,0,1
Jocelyn Willoughby,"$70,127",--,11,4,11,2.6,1,2.4,42.30%,0.7,1.4,53.30%,0.3,1,27.30%,0.4,0.7,50.00%,0.2,1.5,1.6,0.4,0.8,0.5,0.2,0.7
Veronica Burton,"$69,224",Rookie,36,6,15.2,2.6,0.7,2.1,32.90%,0.4,0.9,39.40%,0.3,1.2,27.90%,0.9,0.9,100.00%,0.5,1,1.5,1.9,1,0.9,0.3,1.4
Kia Vaughn,"$110,000",UFA,29,1,13.8,2.5,1.1,2.8,40.00%,1.1,2.7,40.50%,0,0,0.00%,0.3,0.4,69.20%,1,2.2,3.2,0.9,1.2,0.3,0.3,1.7
Ruthy Hebard,"$73,211",--,24,0,9.7,2.3,1,2,51.00%,1,2,51.00%,0,0,--,0.3,0.3,75.00%,0.3,1.4,1.7,0.5,0.5,0.3,0.1,1.2
DiDi Richards,"$62,774",Rookie,14,0,11.1,2.3,0.8,2.6,30.60%,0.6,1.8,32.00%,0.2,0.8,27.30%,0.5,0.7,70.00%,0.4,1.4,1.7,1.4,0.9,0.1,0.4,1.8
Kiah Stokes,"$115,000",UFA,31,4,15.3,2.3,0.8,2,42.60%,0.7,1.2,56.80%,0.2,0.8,20.80%,0.4,0.5,81.30%,0.9,3.5,4.4,0.6,0.6,0.5,0.8,1.3
Khayla Pointer,"$37,121",ROS,10,0,5.8,2.2,0.7,1.2,58.30%,0.6,0.8,75.00%,0.1,0.4,25.00%,0.7,1.4,50.00%,0.1,0.7,0.8,0.2,0.9,0.2,0,0.2
Reshanda Gray,"$15,000",UFA,27,0,8.8,2.2,0.9,2.1,43.90%,0.8,1.6,51.20%,0.1,0.5,21.40%,0.2,0.3,66.70%,0.6,1.4,2,0.4,1,0.3,0.2,2.1
Reshanda Gray,"$19,999",UFA,27,0,8.8,2.2,0.9,2.1,43.90%,0.8,1.6,51.20%,0.1,0.5,21.40%,0.2,0.3,66.70%,0.6,1.4,2,0.4,1,0.3,0.2,2.1
Reshanda Gray,"$36,428",UFA,27,0,8.8,2.2,0.9,2.1,43.90%,0.8,1.6,51.20%,0.1,0.5,21.40%,0.2,0.3,66.70%,0.6,1.4,2,0.4,1,0.3,0.2,2.1
Beatrice Mompremier,"$60,471",Reserved,21,0,8.3,2.1,1,2.1,45.50%,1,2.1,45.50%,0,0,--,0.2,0.6,38.50%,1,1.9,2.8,0.4,0.7,0.1,0.6,1.3
Nia Clouden,"$66,306",Rookie,28,0,8.9,2.1,0.6,1.9,34.00%,0.2,0.9,25.00%,0.4,1,41.40%,0.4,0.6,58.80%,0.1,0.8,0.8,0.8,0.4,0.2,0,0.9
Joyner Holmes,"$30,535",UFA,26,0,7.9,2,0.7,2.3,31.10%,0.5,1.5,35.90%,0.2,0.8,22.70%,0.4,0.5,76.90%,0.2,1.1,1.3,0.5,0.7,0.3,0.1,0.8
Joyner Holmes,"$14,968",UFA,26,0,7.9,2,0.7,2.3,31.10%,0.5,1.5,35.90%,0.2,0.8,22.70%,0.4,0.5,76.90%,0.2,1.1,1.3,0.5,0.7,0.3,0.1,0.8
Joyner Holmes,"$12,573",UFA,26,0,7.9,2,0.7,2.3,31.10%,0.5,1.5,35.90%,0.2,0.8,22.70%,0.4,0.5,76.90%,0.2,1.1,1.3,0.5,0.7,0.3,0.1,0.8
Anneli Maley,"$8,083",Hardship,4,0,11.1,2,0.8,1.5,50.00%,0.3,0.8,33.30%,0.5,0.8,66.70%,0,0,--,0.8,1,1.8,0.8,0.3,0.8,0.3,1.5
Charli Collier,"$71,441",Rookie,17,0,4.6,2,0.7,1.6,44.40%,0.7,1.5,48.00%,0,0.1,0.00%,0.6,0.8,71.40%,0.2,0.4,0.6,0.1,0.6,0.1,0,1.1
Mercedes Russell,"$160,000",RFA,5,0,10.7,2,0.8,1.6,50.00%,0.8,1.6,50.00%,0,0,--,0.4,0.6,66.70%,0.4,1.4,1.8,0.2,1.4,0,0,1.4
Rui Machida,"$60,471",UFA,36,2,12.9,1.8,0.7,2.3,31.00%,0.5,1.4,38.00%,0.2,0.9,20.60%,0.2,0.3,66.70%,0.2,0.9,1.1,2.6,1.1,0.4,0.1,0.7
Stephanie Jones,"$3,143",Hardship,5,0,5.3,1.8,0.6,1.6,37.50%,0.4,1.2,33.30%,0.2,0.4,50.00%,0.4,0.4,100.00%,0.2,0.2,0.4,0.4,0,0.2,0,1
Stephanie Jones,"$1,796",Hardship,5,0,5.3,1.8,0.6,1.6,37.50%,0.4,1.2,33.30%,0.2,0.4,50.00%,0.4,0.4,100.00%,0.2,0.2,0.4,0.4,0,0.2,0,1
Li Yueru,"$60,471",--,16,0,5.1,1.8,0.5,1.1,44.40%,0.5,1.1,44.40%,0,0,--,0.8,0.8,100.00%,0.3,1.2,1.5,0.1,0.8,0.1,0.1,0.6
Rae Burrell,"$66,306",Rookie,3,1,14.5,1.7,0.3,3,11.10%,0,1,0.00%,0.3,2,16.70%,0.7,0.7,100.00%,0.3,0.7,1,0.3,0.3,0.7,0,1.3
Jasmine Walker,"$68,552",Rookie,32,1,8.8,1.6,0.6,2.4,25.00%,0.3,0.8,34.60%,0.3,1.6,20.00%,0.1,0.1,100.00%,0.4,1.1,1.5,0.2,0.5,0.2,0.1,0.9
Sydney Colson,"$72,141",UFA,18,0,6.8,1.6,0.6,1.8,31.30%,0.4,1.2,33.30%,0.2,0.6,27.30%,0.3,0.3,100.00%,0.2,0.3,0.4,1,0.4,0.1,0,0.8
Aisha Sheppard,"$63,389",Rookie,23,0,7.6,1.5,0.4,1.8,23.80%,0,0.4,11.10%,0.4,1.4,27.30%,0.3,0.3,75.00%,0.3,0.3,0.6,0.3,0.3,0.2,0,1.1
Kristine Anigwe,"$36,428",UFA,10,1,6.5,1.5,0.5,1,50.00%,0.5,1,50.00%,0,0,--,0.5,1,50.00%,0.5,0.8,1.3,0.2,0.6,0.1,0.2,1.2
Kamiah Smalls,"$4,041",Hardship,3,0,11.3,1.3,0.7,2.7,25.00%,0.7,1.3,50.00%,0,1.3,0.00%,0,0,--,0,1.7,1.7,2,1.3,1.3,0,2
Kierstan Bell,"$66,306",Rookie,21,1,5.8,1.3,0.5,1.6,30.30%,0.3,0.5,63.60%,0.1,1,13.60%,0.2,0.2,100.00%,0.2,0.7,0.9,0.3,0.2,0.1,0.1,0.5
Rennia Davis,"$1,347",Hardship,8,0,5.4,1.3,0.6,1.6,38.50%,0.6,1.4,45.50%,0,0.3,0.00%,0,0,--,0.4,0.6,1,0.1,0.4,0.3,0,0.4
Rennia Davis,"$18,560",Hardship,8,0,5.4,1.3,0.6,1.6,38.50%,0.6,1.4,45.50%,0,0.3,0.00%,0,0,--,0.4,0.6,1,0.1,0.4,0.3,0,0.4
Kiana Williams,"$3,143",UFA,4,0,7.3,1.3,0.5,2,25.00%,0.3,1,25.00%,0.3,1,25.00%,0,0,--,0,0.5,0.5,1.3,0.5,0,0,0.3
Kiana Williams,"$4,041",Hardship,4,0,7.3,1.3,0.5,2,25.00%,0.3,1,25.00%,0.3,1,25.00%,0,0,--,0,0.5,0.5,1.3,0.5,0,0,0.3
Jasmine Dickey,"$60,471",Rookie,20,0,4.7,1.1,0.4,1.7,21.20%,0.3,1.5,20.70%,0.1,0.2,25.00%,0.3,0.5,66.70%,0.3,0.3,0.6,0.1,0.3,0.2,0.1,0.5
Jazmine Jones,"$6,586",ROS,8,0,5.8,0.8,0.3,1,25.00%,0.3,0.6,40.00%,0,0.4,0.00%,0.3,0.6,40.00%,0,0.3,0.3,0.1,0.4,0.3,0,0.6
Jazmine Jones,"$12,573",UFA,8,0,5.8,0.8,0.3,1,25.00%,0.3,0.6,40.00%,0,0.4,0.00%,0.3,0.6,40.00%,0,0.3,0.3,0.1,0.4,0.3,0,0.6
Amy Atwell,"$20,955",Rookie,4,1,7.9,0.8,0.3,2.3,11.10%,0,0.8,0.00%,0.3,1.5,16.70%,0,0,--,0.3,0.3,0.5,0.5,0.5,0,0,0.3
Jazmine Jones,"$2,994",ROS,8,0,5.8,0.8,0.3,1,25.00%,0.3,0.6,40.00%,0,0.4,0.00%,0.3,0.6,40.00%,0,0.3,0.3,0.1,0.4,0.3,0,0.6
Lorela Cubaj,"$63,389",Rookie,11,0,8,0.7,0.4,1.1,33.30%,0.4,1.1,33.30%,0,0,--,0,0,--,0.8,1.3,2.1,0.4,0.5,0,0.2,1.1
Elissa Cunane,"$9,878",Hardship,3,0,3.3,0.7,0.3,0.7,50.00%,0.3,0.3,100.00%,0,0.3,0.00%,0,0,--,0.7,1,1.7,0,0.3,0,0,0.3
Sam Thomas,"$60,471",UFA,24,0,4.9,0.4,0.2,0.8,21.10%,0.1,0.2,75.00%,0,0.6,6.70%,0,0,100.00%,0.1,0.1,0.2,0.3,0.2,0.3,0.1,0.5
Kaila Charles,"$1,796",Hardship,1,0,2,0,0,0,--,0,0,--,0,0,--,0,0,--,0,0,0,0,0,0,0,1
Tina Krajisnik,"$8,532",Hardship,2,0,2.7,0,0,0.5,0.00%,0,0.5,0.00%,0,0,--,0,0,--,0,0,0,1,0,0.5,0,1
Kaila Charles,$898,Hardship,1,0,2,0,0,0,--,0,0,--,0,0,--,0,0,--,0,0,0,0,0,0,0,1
Hannah Sjerven,"$4,490",Hardship,3,0,3,0,0,0.3,0.00%,0,0.3,0.00%,0,0,--,0,0,--,0,0,0,0,0,0,0.3,0.7
Raina Perez,"$2,245",Hardship,1,0,2.3,0,0,0,--,0,0,--,0,0,--,0,0,--,0,0,0,1,0,0,0,0
Brittney Griner,"$227,900",--,0,0,--,--,--,--,--,--,--,--,--,--,--,--,--,--,--,--,--,--,--,--,--,--
Kia Nurse,"$73,542",RFA,0,0,--,--,--,--,--,--,--,--,--,--,--,--,--,--,--,--,--,--,--,--,,